{
  "Mode": "Trend",
  "Strategi": "Trend | MA 10/50 | Mom 10 | TP 25 SL 10 | Lot 0.01",
  "Fast MA": 10,
  "Slow MA": 50,
  "Momentum hari": 10,
  "Threshold entry (%)": 0.15,
  "TP (USD)": 25.0,
  "SL (USD)": 10.0,
  "Lot": 0.01,
  "Target fase (%)": 20.0,
  "Floating profit close (USD)": null,
  "Profit protection aktif (USD)": null,
  "Profit protection floor (USD)": null,
  "Profit protection trail (USD)": null,
  "Close-all target equity": true,
  "Fase selesai": 4.0,
  "Fase total": 5.0,
  "Equity akhir": 2275.199999999999,
  "Growth total": 127.5199999999999,
  "Equity terendah": 1000.0,
  "Equity tertinggi": 2285.199999999999,
  "Max drawdown": 125.40000000000009,
  "Jumlah transaksi": 220.0,
  "Total BUY": 177.0,
  "Total SELL": 43.0,
  "Total swap": -4.800000000000001,
  "Win rate": 44.54545454545455,
  "Profit factor": 2.088611917363838,
  "Avg net P/L": 5.796363636363637
}