Tanggal sesi,Arah,Status data,Entry WIT,Entry price,Spread entry (USD/oz),TP level,SL level,Outcome,Exit WIT,Exit price,P/L 0.01 lot (USD),MFE (USD/oz),MFE WIT,MAE (USD/oz),MAE WIT,Candle jalur,TP dan SL satu candle
2025-01-02,BUY,Valid,2025-01-02 08:00:00+09:00,2623.9100000000003,0.13,2648.9100000000003,2613.9100000000003,TP,2025-01-02 22:15:00+09:00,2648.9100000000003,25.0,36.53999999999951,2025-01-03 00:56:00+09:00,1.0900000000001455,2025-01-02 08:00:00+09:00,1200.0,False
2025-01-02,SELL,Valid,2025-01-02 08:00:00+09:00,2623.78,0.13,2598.78,2633.78,SL,2025-01-02 09:30:00+09:00,2633.78,-10.0,0.8299999999999272,2025-01-02 08:00:00+09:00,36.76999999999998,2025-01-03 01:03:00+09:00,1200.0,False
2025-01-03,BUY,Valid,2025-01-03 08:00:00+09:00,2658.54,0.1,2683.54,2648.54,SL,2025-01-03 21:23:00+09:00,2648.54,-10.0,6.610000000000127,2025-01-03 11:27:00+09:00,19.5,2025-01-04 00:56:00+09:00,1200.0,False
2025-01-03,SELL,Valid,2025-01-03 08:00:00+09:00,2658.44,0.1,2633.44,2668.44,CLOSE_04_PROFIT,2025-01-04 04:00:00+09:00,2639.4500000000003,18.98999999999978,19.320000000000164,2025-01-04 01:38:00+09:00,6.809999999999945,2025-01-03 11:27:00+09:00,1200.0,False
2025-01-06,BUY,Valid,2025-01-06 08:00:00+09:00,2641.1800000000003,0.13,2666.1800000000003,2631.1800000000003,SL,2025-01-06 14:23:00+09:00,2631.1800000000003,-10.0,8.269999999999527,2025-01-06 19:44:00+09:00,26.730000000000473,2025-01-06 22:18:00+09:00,1200.0,False
2025-01-06,SELL,Valid,2025-01-06 08:00:00+09:00,2641.05,0.13,2616.05,2651.05,TP,2025-01-06 22:17:00+09:00,2616.05,25.0,26.470000000000255,2025-01-06 22:18:00+09:00,8.529999999999745,2025-01-06 19:44:00+09:00,1200.0,False
2025-01-07,BUY,Valid,2025-01-07 08:00:00+09:00,2634.83,0.13,2659.83,2624.83,TP,2025-01-07 21:20:00+09:00,2659.83,25.0,29.5,2025-01-07 21:58:00+09:00,1.849999999999909,2025-01-07 08:29:00+09:00,965.0,False
2025-01-07,SELL,Valid,2025-01-07 08:00:00+09:00,2634.7,0.13,2609.7,2644.7,SL,2025-01-07 13:37:00+09:00,2644.7,-10.0,1.5899999999996908,2025-01-07 08:29:00+09:00,29.76000000000022,2025-01-07 21:58:00+09:00,965.0,False
2025-01-08,BUY,Valid,2025-01-08 08:00:00+09:00,2649.84,0.15,2674.84,2639.84,CLOSE_04_PROFIT,2025-01-09 04:00:00+09:00,2658.41,8.569999999999709,20.159999999999854,2025-01-09 00:58:00+09:00,4.5900000000001455,2025-01-08 12:53:00+09:00,1200.0,False
2025-01-08,SELL,Valid,2025-01-08 08:00:00+09:00,2649.69,0.15,2624.69,2659.69,SL,2025-01-08 21:56:00+09:00,2659.69,-10.0,4.289999999999964,2025-01-08 12:53:00+09:00,20.460000000000036,2025-01-09 00:58:00+09:00,1200.0,False
2025-01-09,BUY,Valid,2025-01-09 08:00:00+09:00,2662.7400000000002,0.15,2687.7400000000002,2652.7400000000002,CLOSE_04_PROFIT,2025-01-10 04:00:00+09:00,2670.11,7.369999999999891,15.489999999999782,2025-01-09 21:37:00+09:00,7.230000000000018,2025-01-09 12:37:00+09:00,1200.0,False
2025-01-09,SELL,Valid,2025-01-09 08:00:00+09:00,2662.59,0.15,2637.59,2672.59,SL,2025-01-09 19:48:00+09:00,2672.59,-10.0,6.940000000000055,2025-01-09 12:37:00+09:00,15.690000000000055,2025-01-09 21:37:00+09:00,1200.0,False
2025-01-10,BUY,Valid,2025-01-10 08:00:00+09:00,2670.11,0.31,2695.11,2660.11,TP,2025-01-10 23:29:00+09:00,2695.11,25.0,27.90000000000009,2025-01-10 23:36:00+09:00,6.150000000000091,2025-01-10 21:34:00+09:00,1200.0,False
2025-01-10,SELL,Valid,2025-01-10 08:00:00+09:00,2669.8,0.31,2644.8,2679.8,SL,2025-01-10 16:23:00+09:00,2679.8,-10.0,5.760000000000218,2025-01-10 21:33:00+09:00,28.26000000000022,2025-01-10 23:36:00+09:00,1200.0,False
2025-01-13,BUY,Valid,2025-01-13 08:00:00+09:00,2691.27,0.11,2716.27,2681.27,SL,2025-01-13 09:21:00+09:00,2681.27,-10.0,2.0,2025-01-13 08:12:00+09:00,34.429999999999836,2025-01-14 03:07:00+09:00,1200.0,False
2025-01-13,SELL,Valid,2025-01-13 08:00:00+09:00,2691.16,0.11,2666.16,2701.16,TP,2025-01-13 20:32:00+09:00,2666.16,25.0,34.23999999999978,2025-01-14 03:02:00+09:00,2.25,2025-01-13 08:12:00+09:00,1200.0,False
2025-01-14,BUY,Valid,2025-01-14 08:00:00+09:00,2668.1800000000003,0.09,2693.1800000000003,2658.1800000000003,CLOSE_04_PROFIT,2025-01-15 04:00:00+09:00,2674.32,6.139999999999873,8.109999999999673,2025-01-15 03:38:00+09:00,8.320000000000164,2025-01-14 22:12:00+09:00,1200.0,False
2025-01-14,SELL,Valid,2025-01-14 08:00:00+09:00,2668.09,0.09,2643.09,2678.09,CLOSE_04_LOSS,2025-01-15 04:00:00+09:00,2674.3700000000003,-6.2800000000002,8.179999999999836,2025-01-14 22:12:00+09:00,8.25,2025-01-15 03:38:00+09:00,1200.0,False
2025-01-15,BUY,Valid,2025-01-15 08:00:00+09:00,2675.6600000000003,0.05,2700.6600000000003,2665.6600000000003,CLOSE_04_PROFIT,2025-01-16 04:00:00+09:00,2694.15,18.48999999999978,20.379999999999654,2025-01-15 22:01:00+09:00,6.270000000000437,2025-01-15 10:00:00+09:00,1200.0,False
2025-01-15,SELL,Valid,2025-01-15 08:00:00+09:00,2675.61,0.05,2650.61,2685.61,SL,2025-01-15 17:10:00+09:00,2685.61,-10.0,6.120000000000346,2025-01-15 10:00:00+09:00,20.529999999999745,2025-01-15 22:01:00+09:00,1200.0,False
2025-01-16,BUY,Valid,2025-01-16 08:00:00+09:00,2695.0,0.05,2720.0,2685.0,TP,2025-01-17 00:13:00+09:00,2720.0,25.0,29.76000000000022,2025-01-17 01:38:00+09:00,4.9699999999998,2025-01-16 14:20:00+09:00,1200.0,False
2025-01-16,SELL,Valid,2025-01-16 08:00:00+09:00,2694.95,0.05,2669.95,2704.95,SL,2025-01-16 17:20:00+09:00,2704.95,-10.0,4.789999999999509,2025-01-16 14:20:00+09:00,29.860000000000582,2025-01-17 01:38:00+09:00,1200.0,False
2025-01-17,BUY,Valid,2025-01-17 08:00:00+09:00,2714.81,0.12,2739.81,2704.81,SL,2025-01-17 17:55:00+09:00,2704.81,-10.0,2.5700000000001637,2025-01-17 11:08:00+09:00,12.11999999999989,2025-01-17 22:32:00+09:00,1200.0,False
2025-01-17,SELL,Valid,2025-01-17 08:00:00+09:00,2714.69,0.12,2689.69,2724.69,CLOSE_04_PROFIT,2025-01-18 04:00:00+09:00,2703.29,11.400000000000091,11.900000000000091,2025-01-17 22:32:00+09:00,2.7800000000002,2025-01-17 11:08:00+09:00,1200.0,False
2025-01-20,BUY,Candle 04:00 tidak tersedia,,,,,,DATA_UNAVAILABLE,,,,,,,,,
2025-01-20,SELL,Candle 04:00 tidak tersedia,,,,,,DATA_UNAVAILABLE,,,,,,,,,
2025-01-21,BUY,Valid,2025-01-21 08:00:00+09:00,2710.5699999999997,0.12,2735.5699999999997,2700.5699999999997,TP,2025-01-21 22:47:00+09:00,2735.5699999999997,25.0,35.45000000000027,2025-01-22 02:42:00+09:00,7.7599999999997635,2025-01-21 09:00:00+09:00,1200.0,False
2025-01-21,SELL,Valid,2025-01-21 08:00:00+09:00,2710.45,0.12,2685.45,2720.45,SL,2025-01-21 10:05:00+09:00,2720.45,-10.0,7.519999999999982,2025-01-21 09:00:00+09:00,35.70000000000027,2025-01-22 02:42:00+09:00,1200.0,False
2025-01-22,BUY,Valid,2025-01-22 08:00:00+09:00,2744.5,0.12,2769.5,2734.5,CLOSE_04_PROFIT,2025-01-23 04:00:00+09:00,2755.24,10.739999999999782,18.949999999999818,2025-01-22 18:36:00+09:00,1.7199999999998,2025-01-22 08:19:00+09:00,1200.0,False
2025-01-22,SELL,Valid,2025-01-22 08:00:00+09:00,2744.38,0.12,2719.38,2754.38,SL,2025-01-22 13:35:00+09:00,2754.38,-10.0,1.4699999999998,2025-01-22 08:19:00+09:00,19.199999999999818,2025-01-22 18:36:00+09:00,1200.0,False
2025-01-23,BUY,Valid,2025-01-23 08:00:00+09:00,2755.55,0.13,2780.55,2745.55,SL,2025-01-23 17:25:00+09:00,2745.55,-10.0,3.369999999999891,2025-01-24 01:45:00+09:00,19.970000000000255,2025-01-23 21:41:00+09:00,1200.0,False
2025-01-23,SELL,Valid,2025-01-23 08:00:00+09:00,2755.42,0.13,2730.42,2765.42,CLOSE_04_PROFIT,2025-01-24 04:00:00+09:00,2754.17,1.25,19.710000000000036,2025-01-23 21:41:00+09:00,3.630000000000109,2025-01-24 01:45:00+09:00,1200.0,False
2025-01-24,BUY,Valid,2025-01-24 08:00:00+09:00,2754.78,0.13,2779.78,2744.78,TP,2025-01-24 19:35:00+09:00,2779.78,25.0,31.159999999999854,2025-01-24 23:36:00+09:00,0.3400000000001455,2025-01-24 08:00:00+09:00,1200.0,False
2025-01-24,SELL,Valid,2025-01-24 08:00:00+09:00,2754.65,0.13,2729.65,2764.65,SL,2025-01-24 10:00:00+09:00,2764.65,-10.0,0.07999999999992724,2025-01-24 08:00:00+09:00,31.409999999999854,2025-01-24 23:36:00+09:00,1200.0,False
2025-01-27,BUY,Valid,2025-01-27 08:00:00+09:00,2767.41,0.23,2792.41,2757.41,SL,2025-01-27 10:17:00+09:00,2757.41,-10.0,5.120000000000346,2025-01-27 09:05:00+09:00,36.929999999999836,2025-01-28 01:12:00+09:00,1200.0,False
2025-01-27,SELL,Valid,2025-01-27 08:00:00+09:00,2767.18,0.23,2742.18,2777.18,TP,2025-01-27 23:05:00+09:00,2742.18,25.0,36.51999999999998,2025-01-28 01:12:00+09:00,5.470000000000255,2025-01-27 09:05:00+09:00,1200.0,False
2025-01-28,BUY,Valid,2025-01-28 08:00:00+09:00,2741.9500000000003,0.19,2766.9500000000003,2731.9500000000003,CLOSE_04_PROFIT,2025-01-29 04:00:00+09:00,2764.9,22.949999999999818,23.09999999999991,2025-01-29 03:55:00+09:00,7.140000000000327,2025-01-28 16:33:00+09:00,1200.0,False
2025-01-28,SELL,Valid,2025-01-28 08:00:00+09:00,2741.76,0.19,2716.76,2751.76,SL,2025-01-28 22:16:00+09:00,2751.76,-10.0,6.770000000000437,2025-01-28 16:33:00+09:00,23.420000000000073,2025-01-29 03:55:00+09:00,1200.0,False
2025-01-29,BUY,Valid,2025-01-29 08:00:00+09:00,2762.87,0.12,2787.87,2752.87,SL,2025-01-29 21:18:00+09:00,2752.87,-10.0,3.3299999999999272,2025-01-29 09:39:00+09:00,18.109999999999673,2025-01-30 03:25:00+09:00,1200.0,False
2025-01-29,SELL,Valid,2025-01-29 08:00:00+09:00,2762.75,0.12,2737.75,2772.75,CLOSE_04_PROFIT,2025-01-30 04:00:00+09:00,2755.15,7.599999999999909,17.9399999999996,2025-01-30 03:25:00+09:00,3.5799999999999272,2025-01-29 09:39:00+09:00,1200.0,False
2025-01-30,BUY,Valid,2025-01-30 08:00:00+09:00,2760.43,0.12,2785.43,2750.43,TP,2025-01-30 21:57:00+09:00,2785.43,25.0,37.89000000000033,2025-01-31 00:01:00+09:00,1.7300000000000182,2025-01-30 13:39:00+09:00,1200.0,False
2025-01-30,SELL,Valid,2025-01-30 08:00:00+09:00,2760.31,0.12,2735.31,2770.31,SL,2025-01-30 16:02:00+09:00,2770.31,-10.0,1.4800000000000182,2025-01-30 13:39:00+09:00,38.0600000000004,2025-01-31 00:01:00+09:00,1200.0,False
2025-01-31,BUY,Valid,2025-01-31 08:00:00+09:00,2796.42,0.14,2821.42,2786.42,CLOSE_04_LOSS,2025-02-01 04:00:00+09:00,2796.24,-0.18000000000029104,20.809999999999945,2025-01-31 23:13:00+09:00,5.400000000000091,2025-01-31 18:37:00+09:00,1200.0,False
2025-01-31,SELL,Valid,2025-01-31 08:00:00+09:00,2796.28,0.14,2771.28,2806.28,SL,2025-01-31 20:36:00+09:00,2806.28,-10.0,5.210000000000036,2025-01-31 18:37:00+09:00,21.029999999999745,2025-01-31 23:13:00+09:00,1200.0,False
2025-02-03,BUY,Valid,2025-02-03 08:00:00+09:00,2793.2099999999996,0.72,2818.2099999999996,2783.2099999999996,SL,2025-02-03 09:11:00+09:00,2783.2099999999996,-10.0,37.19000000000051,2025-02-03 22:58:00+09:00,21.03999999999951,2025-02-03 11:38:00+09:00,1200.0,False
2025-02-03,SELL,Valid,2025-02-03 08:00:00+09:00,2792.49,0.72,2767.49,2802.49,SL,2025-02-03 19:09:00+09:00,2802.49,-10.0,20.199999999999818,2025-02-03 11:38:00+09:00,38.08000000000038,2025-02-03 22:59:00+09:00,1200.0,False
2025-02-04,BUY,Valid,2025-02-04 08:00:00+09:00,2814.1600000000003,0.05,2839.1600000000003,2804.1600000000003,TP,2025-02-04 22:32:00+09:00,2839.1600000000003,25.0,31.329999999999472,2025-02-04 23:34:00+09:00,6.970000000000255,2025-02-04 15:30:00+09:00,1200.0,False
2025-02-04,SELL,Valid,2025-02-04 08:00:00+09:00,2814.11,0.05,2789.11,2824.11,SL,2025-02-04 09:48:00+09:00,2824.11,-10.0,6.820000000000164,2025-02-04 15:30:00+09:00,31.429999999999836,2025-02-04 23:34:00+09:00,1200.0,False
2025-02-05,BUY,Valid,2025-02-05 08:00:00+09:00,2841.3100000000004,0.05,2866.3100000000004,2831.3100000000004,TP,2025-02-05 16:22:00+09:00,2866.3100000000004,25.0,41.17999999999938,2025-02-05 23:52:00+09:00,1.6400000000003274,2025-02-05 09:45:00+09:00,1200.0,False
2025-02-05,SELL,Valid,2025-02-05 08:00:00+09:00,2841.26,0.05,2816.26,2851.26,SL,2025-02-05 10:10:00+09:00,2851.26,-10.0,1.4600000000000364,2025-02-05 09:45:00+09:00,41.35999999999967,2025-02-05 23:52:00+09:00,1200.0,False
2025-02-06,BUY,Valid,2025-02-06 08:00:00+09:00,2869.3,0.05,2894.3,2859.3,SL,2025-02-06 14:50:00+09:00,2859.3,-10.0,3.980000000000018,2025-02-06 10:02:00+09:00,35.20000000000027,2025-02-06 23:08:00+09:00,1200.0,False
2025-02-06,SELL,Valid,2025-02-06 08:00:00+09:00,2869.25,0.05,2844.25,2879.25,TP,2025-02-06 22:58:00+09:00,2844.25,25.0,35.09999999999991,2025-02-06 23:08:00+09:00,4.080000000000382,2025-02-06 10:02:00+09:00,1200.0,False
2025-02-07,BUY,Valid,2025-02-07 08:00:00+09:00,2858.15,0.1,2883.15,2848.15,TP,2025-02-07 23:26:00+09:00,2883.15,25.0,28.529999999999745,2025-02-07 23:46:00+09:00,5.760000000000218,2025-02-07 21:33:00+09:00,1200.0,False
2025-02-07,SELL,Valid,2025-02-07 08:00:00+09:00,2858.05,0.1,2833.05,2868.05,SL,2025-02-07 09:55:00+09:00,2868.05,-10.0,5.610000000000127,2025-02-07 21:33:00+09:00,28.73999999999978,2025-02-07 23:46:00+09:00,1200.0,False
2025-02-10,BUY,Valid,2025-02-10 08:00:00+09:00,2867.71,0.07,2892.71,2857.71,TP,2025-02-10 15:30:00+09:00,2892.71,25.0,44.059999999999945,2025-02-10 23:40:00+09:00,1.849999999999909,2025-02-10 08:14:00+09:00,1200.0,False
2025-02-10,SELL,Valid,2025-02-10 08:00:00+09:00,2867.64,0.07,2842.64,2877.64,SL,2025-02-10 12:15:00+09:00,2877.64,-10.0,1.6399999999998727,2025-02-10 08:15:00+09:00,44.18000000000029,2025-02-10 23:40:00+09:00,1200.0,False
2025-02-11,BUY,Valid,2025-02-11 08:00:00+09:00,2918.01,0.05,2943.01,2908.01,SL,2025-02-11 10:40:00+09:00,2908.01,-10.0,24.56999999999971,2025-02-11 10:13:00+09:00,36.20000000000027,2025-02-11 21:19:00+09:00,1200.0,False
2025-02-11,SELL,Valid,2025-02-11 08:00:00+09:00,2917.96,0.05,2892.96,2927.96,SL,2025-02-11 09:11:00+09:00,2927.96,-10.0,36.059999999999945,2025-02-11 21:19:00+09:00,24.759999999999764,2025-02-11 10:16:00+09:00,1200.0,False
2025-02-12,BUY,Valid,2025-02-12 08:00:00+09:00,2898.79,0.11,2923.79,2888.79,SL,2025-02-12 09:31:00+09:00,2888.79,-10.0,10.360000000000127,2025-02-13 01:14:00+09:00,35.25,2025-02-12 21:31:00+09:00,1200.0,False
2025-02-12,SELL,Valid,2025-02-12 08:00:00+09:00,2898.68,0.11,2873.68,2908.68,TP,2025-02-12 21:22:00+09:00,2873.68,25.0,35.00999999999976,2025-02-12 21:31:00+09:00,10.5600000000004,2025-02-13 01:14:00+09:00,1200.0,False
2025-02-13,BUY,Valid,2025-02-13 08:00:00+09:00,2905.92,0.13,2930.92,2895.92,CLOSE_04_PROFIT,2025-02-14 04:00:00+09:00,2926.84,20.920000000000073,21.449999999999818,2025-02-14 03:15:00+09:00,4.460000000000036,2025-02-13 09:33:00+09:00,1200.0,False
2025-02-13,SELL,Valid,2025-02-13 08:00:00+09:00,2905.79,0.13,2880.79,2915.79,SL,2025-02-13 11:25:00+09:00,2915.79,-10.0,4.179999999999836,2025-02-13 09:33:00+09:00,21.659999999999854,2025-02-14 03:15:00+09:00,1200.0,False
2025-02-14,BUY,Valid,2025-02-14 08:00:00+09:00,2931.32,0.15,2956.32,2921.32,SL,2025-02-14 21:44:00+09:00,2921.32,-10.0,8.739999999999782,2025-02-14 18:36:00+09:00,52.64000000000033,2025-02-15 03:56:00+09:00,1200.0,False
2025-02-14,SELL,Valid,2025-02-14 08:00:00+09:00,2931.17,0.15,2906.17,2941.17,TP,2025-02-14 23:22:00+09:00,2906.17,25.0,52.340000000000146,2025-02-15 03:56:00+09:00,9.0,2025-02-14 18:36:00+09:00,1200.0,False
2025-02-17,BUY,Candle 04:00 tidak tersedia,,,,,,DATA_UNAVAILABLE,,,,,,,,,
2025-02-17,SELL,Candle 04:00 tidak tersedia,,,,,,DATA_UNAVAILABLE,,,,,,,,,
2025-02-18,BUY,Valid,2025-02-18 08:00:00+09:00,2899.32,0.13,2924.32,2889.32,TP,2025-02-18 22:31:00+09:00,2924.32,25.0,37.73000000000002,2025-02-19 03:56:00+09:00,7.3400000000001455,2025-02-18 09:35:00+09:00,1200.0,False
2025-02-18,SELL,Valid,2025-02-18 08:00:00+09:00,2899.19,0.13,2874.19,2909.19,SL,2025-02-18 11:14:00+09:00,2909.19,-10.0,7.0,2025-02-18 09:35:00+09:00,38.01000000000022,2025-02-19 03:56:00+09:00,1200.0,False
2025-02-19,BUY,Valid,2025-02-19 08:00:00+09:00,2934.29,0.23,2959.29,2924.29,SL,2025-02-19 10:50:00+09:00,2924.29,-10.0,12.760000000000218,2025-02-19 18:06:00+09:00,15.679999999999836,2025-02-20 02:26:00+09:00,1199.0,False
2025-02-19,SELL,Valid,2025-02-19 08:00:00+09:00,2934.06,0.23,2909.06,2944.06,SL,2025-02-19 17:18:00+09:00,2944.06,-10.0,15.299999999999727,2025-02-20 02:26:00+09:00,13.140000000000327,2025-02-19 18:06:00+09:00,1199.0,False
2025-02-20,BUY,Valid,2025-02-20 08:00:00+09:00,2935.4,0.15,2960.4,2925.4,SL,2025-02-20 22:12:00+09:00,2925.4,-10.0,19.509999999999764,2025-02-20 17:00:00+09:00,11.139999999999873,2025-02-20 22:14:00+09:00,1200.0,False
2025-02-20,SELL,Valid,2025-02-20 08:00:00+09:00,2935.25,0.15,2910.25,2945.25,SL,2025-02-20 13:30:00+09:00,2945.25,-10.0,10.83999999999969,2025-02-20 22:14:00+09:00,19.809999999999945,2025-02-20 17:00:00+09:00,1200.0,False
2025-02-21,BUY,Valid,2025-02-21 08:00:00+09:00,2941.62,0.23,2966.62,2931.62,SL,2025-02-21 09:49:00+09:00,2931.62,-10.0,7.970000000000255,2025-02-21 09:20:00+09:00,24.88000000000011,2025-02-21 16:22:00+09:00,1200.0,False
2025-02-21,SELL,Valid,2025-02-21 08:00:00+09:00,2941.39,0.23,2916.39,2951.39,CLOSE_04_PROFIT,2025-02-22 04:00:00+09:00,2933.37,8.019999999999982,24.570000000000164,2025-02-21 16:22:00+09:00,8.390000000000327,2025-02-21 09:20:00+09:00,1200.0,False
2025-02-24,BUY,Valid,2025-02-24 08:00:00+09:00,2936.8500000000004,0.05,2961.8500000000004,2926.8500000000004,SL,2025-02-24 09:00:00+09:00,2926.8500000000004,-10.0,19.329999999999472,2025-02-24 22:00:00+09:00,15.520000000000437,2025-02-24 09:24:00+09:00,1200.0,False
2025-02-24,SELL,Valid,2025-02-24 08:00:00+09:00,2936.8,0.05,2911.8,2946.8,SL,2025-02-24 16:53:00+09:00,2946.8,-10.0,15.320000000000164,2025-02-24 09:24:00+09:00,19.509999999999764,2025-02-24 22:03:00+09:00,1200.0,False
2025-02-25,BUY,Valid,2025-02-25 08:00:00+09:00,2950.2000000000003,0.15,2975.2000000000003,2940.2000000000003,SL,2025-02-25 11:47:00+09:00,2940.2000000000003,-10.0,2.4099999999998545,2025-02-25 08:03:00+09:00,61.93000000000029,2025-02-26 00:08:00+09:00,1200.0,False
2025-02-25,SELL,Valid,2025-02-25 08:00:00+09:00,2950.05,0.15,2925.05,2960.05,TP,2025-02-25 20:42:00+09:00,2925.05,25.0,61.73000000000002,2025-02-26 00:08:00+09:00,2.7100000000000364,2025-02-25 08:03:00+09:00,1200.0,False
2025-02-26,BUY,Valid,2025-02-26 08:00:00+09:00,2919.0,0.15,2944.0,2909.0,SL,2025-02-26 14:13:00+09:00,2909.0,-10.0,11.079999999999927,2025-02-26 09:25:00+09:00,28.230000000000018,2025-02-26 22:31:00+09:00,1200.0,False
2025-02-26,SELL,Valid,2025-02-26 08:00:00+09:00,2918.85,0.15,2893.85,2928.85,SL,2025-02-26 09:23:00+09:00,2928.85,-10.0,27.929999999999836,2025-02-26 22:31:00+09:00,11.38000000000011,2025-02-26 09:25:00+09:00,1200.0,False
2025-02-27,BUY,Valid,2025-02-27 08:00:00+09:00,2919.27,0.15,2944.27,2909.27,SL,2025-02-27 10:48:00+09:00,2909.27,-10.0,-0.13000000000010914,2025-02-27 08:00:00+09:00,51.48000000000002,2025-02-27 22:51:00+09:00,1200.0,False
2025-02-27,SELL,Valid,2025-02-27 08:00:00+09:00,2919.12,0.15,2894.12,2929.12,TP,2025-02-27 13:03:00+09:00,2894.12,25.0,51.19999999999982,2025-02-27 22:51:00+09:00,0.17000000000007276,2025-02-27 08:00:00+09:00,1200.0,False
2025-02-28,BUY,Valid,2025-02-28 08:00:00+09:00,2876.19,0.15,2901.19,2866.19,SL,2025-02-28 11:42:00+09:00,2866.19,-10.0,8.860000000000127,2025-02-28 09:10:00+09:00,43.61999999999989,2025-02-28 23:00:00+09:00,1200.0,False
2025-02-28,SELL,Valid,2025-02-28 08:00:00+09:00,2876.04,0.15,2851.04,2886.04,TP,2025-02-28 21:55:00+09:00,2851.04,25.0,43.32999999999993,2025-02-28 23:00:00+09:00,9.090000000000146,2025-02-28 09:11:00+09:00,1200.0,False
2025-03-03,BUY,Valid,2025-03-03 08:00:00+09:00,2871.2200000000003,0.05,2896.2200000000003,2861.2200000000003,SL,2025-03-03 11:22:00+09:00,2861.2200000000003,-10.0,21.86999999999989,2025-03-04 00:46:00+09:00,12.390000000000327,2025-03-03 16:27:00+09:00,1200.0,False
2025-03-03,SELL,Valid,2025-03-03 08:00:00+09:00,2871.17,0.05,2846.17,2881.17,SL,2025-03-03 22:35:00+09:00,2881.17,-10.0,12.190000000000055,2025-03-03 16:27:00+09:00,22.039999999999964,2025-03-04 00:46:00+09:00,1200.0,False
2025-03-04,BUY,Valid,2025-03-04 08:00:00+09:00,2891.1099999999997,0.14,2916.1099999999997,2881.1099999999997,TP,2025-03-04 16:37:00+09:00,2916.1099999999997,25.0,36.650000000000546,2025-03-04 21:09:00+09:00,9.11999999999989,2025-03-04 09:27:00+09:00,1200.0,False
2025-03-04,SELL,Valid,2025-03-04 08:00:00+09:00,2890.97,0.14,2865.97,2900.97,SL,2025-03-04 15:27:00+09:00,2900.97,-10.0,8.929999999999836,2025-03-04 09:27:00+09:00,36.94000000000051,2025-03-04 21:09:00+09:00,1200.0,False
2025-03-05,BUY,Valid,2025-03-05 08:00:00+09:00,2914.34,0.05,2939.34,2904.34,SL,2025-03-05 09:19:00+09:00,2904.34,-10.0,15.7199999999998,2025-03-06 00:43:00+09:00,20.039999999999964,2025-03-05 21:52:00+09:00,1200.0,False
2025-03-05,SELL,Valid,2025-03-05 08:00:00+09:00,2914.29,0.05,2889.29,2924.29,SL,2025-03-06 00:13:00+09:00,2924.29,-10.0,19.86999999999989,2025-03-05 21:52:00+09:00,15.920000000000073,2025-03-06 00:43:00+09:00,1200.0,False
2025-03-06,BUY,Valid,2025-03-06 08:00:00+09:00,2918.33,0.11,2943.33,2908.33,SL,2025-03-06 16:01:00+09:00,2908.33,-10.0,8.190000000000055,2025-03-06 10:05:00+09:00,27.210000000000036,2025-03-06 17:56:00+09:00,1200.0,False
2025-03-06,SELL,Valid,2025-03-06 08:00:00+09:00,2918.22,0.11,2893.22,2928.22,TP,2025-03-06 17:55:00+09:00,2893.22,25.0,26.949999999999818,2025-03-06 17:56:00+09:00,8.450000000000273,2025-03-06 10:05:00+09:00,1200.0,False
2025-03-07,BUY,Valid,2025-03-07 08:00:00+09:00,2910.19,0.1,2935.19,2900.19,SL,2025-03-07 08:10:00+09:00,2900.19,-10.0,20.139999999999873,2025-03-07 23:07:00+09:00,15.389999999999873,2025-03-07 08:10:00+09:00,1200.0,False
2025-03-07,SELL,Valid,2025-03-07 08:00:00+09:00,2910.09,0.1,2885.09,2920.09,SL,2025-03-07 16:25:00+09:00,2920.09,-10.0,15.239999999999782,2025-03-07 08:10:00+09:00,20.33999999999969,2025-03-07 23:07:00+09:00,1200.0,False
2025-03-10,BUY,Valid,2025-03-10 08:00:00+09:00,2916.69,0.12,2941.69,2906.69,SL,2025-03-10 15:54:00+09:00,2906.69,-10.0,1.5299999999997453,2025-03-10 09:11:00+09:00,36.409999999999854,2025-03-11 03:07:00+09:00,1200.0,False
2025-03-10,SELL,Valid,2025-03-10 08:00:00+09:00,2916.57,0.12,2891.57,2926.57,TP,2025-03-11 01:10:00+09:00,2891.57,25.0,36.179999999999836,2025-03-11 02:06:00+09:00,1.7999999999997272,2025-03-10 09:11:00+09:00,1200.0,False
2025-03-11,BUY,Valid,2025-03-11 08:00:00+09:00,2884.6800000000003,0.15,2909.6800000000003,2874.6800000000003,TP,2025-03-11 16:45:00+09:00,2909.6800000000003,25.0,37.34999999999991,2025-03-11 21:46:00+09:00,4.420000000000073,2025-03-11 09:04:00+09:00,1200.0,False
2025-03-11,SELL,Valid,2025-03-11 08:00:00+09:00,2884.53,0.15,2859.53,2894.53,SL,2025-03-11 10:17:00+09:00,2894.53,-10.0,4.170000000000073,2025-03-11 09:04:00+09:00,37.57999999999993,2025-03-11 21:46:00+09:00,1200.0,False
2025-03-12,BUY,Valid,2025-03-12 08:00:00+09:00,2915.67,0.1,2940.67,2905.67,CLOSE_04_PROFIT,2025-03-13 04:00:00+09:00,2931.19,15.519999999999982,24.960000000000036,2025-03-13 01:46:00+09:00,9.700000000000273,2025-03-12 21:25:00+09:00,1200.0,False
2025-03-12,SELL,Valid,2025-03-12 08:00:00+09:00,2915.57,0.1,2890.57,2925.57,SL,2025-03-12 17:01:00+09:00,2925.57,-10.0,9.450000000000273,2025-03-12 21:25:00+09:00,25.210000000000036,2025-03-13 01:46:00+09:00,1200.0,False
2025-03-13,BUY,Valid,2025-03-13 08:00:00+09:00,2938.15,0.13,2963.15,2928.15,TP,2025-03-13 22:44:00+09:00,2963.15,25.0,47.309999999999945,2025-03-14 03:41:00+09:00,5.160000000000309,2025-03-13 15:52:00+09:00,1200.0,False
2025-03-13,SELL,Valid,2025-03-13 08:00:00+09:00,2938.02,0.13,2913.02,2948.02,SL,2025-03-13 17:31:00+09:00,2948.02,-10.0,4.880000000000109,2025-03-13 15:52:00+09:00,47.51999999999998,2025-03-14 03:40:00+09:00,1200.0,False
2025-03-14,BUY,Valid,2025-03-14 08:00:00+09:00,2986.17,0.11,3011.17,2976.17,CLOSE_04_LOSS,2025-03-15 04:00:00+09:00,2984.0,-2.1700000000000728,18.679999999999836,2025-03-14 18:18:00+09:00,7.720000000000255,2025-03-14 23:20:00+09:00,1200.0,False
2025-03-14,SELL,Valid,2025-03-14 08:00:00+09:00,2986.06,0.11,2961.06,2996.06,SL,2025-03-14 17:15:00+09:00,2996.06,-10.0,7.460000000000036,2025-03-14 23:20:00+09:00,18.940000000000055,2025-03-14 18:18:00+09:00,1200.0,False
2025-03-17,BUY,Valid,2025-03-17 08:00:00+09:00,2990.15,0.09,3015.15,2980.15,CLOSE_04_PROFIT,2025-03-18 04:00:00+09:00,3000.21,10.059999999999945,11.039999999999964,2025-03-17 19:46:00+09:00,7.930000000000291,2025-03-17 13:13:00+09:00,1200.0,False
2025-03-17,SELL,Valid,2025-03-17 08:00:00+09:00,2990.06,0.09,2965.06,3000.06,SL,2025-03-17 19:12:00+09:00,3000.06,-10.0,7.690000000000055,2025-03-17 13:13:00+09:00,11.199999999999818,2025-03-17 19:22:00+09:00,1200.0,False
2025-03-18,BUY,Valid,2025-03-18 08:00:00+09:00,3000.04,0.15,3025.04,2990.04,TP,2025-03-18 16:29:00+09:00,3025.04,25.0,38.220000000000255,2025-03-18 21:31:00+09:00,0.4800000000000182,2025-03-18 09:01:00+09:00,1200.0,False
2025-03-18,SELL,Valid,2025-03-18 08:00:00+09:00,2999.89,0.15,2974.89,3009.89,SL,2025-03-18 10:47:00+09:00,3009.89,-10.0,0.1799999999998363,2025-03-18 09:01:00+09:00,38.52000000000044,2025-03-18 21:31:00+09:00,1200.0,False
2025-03-19,BUY,Valid,2025-03-19 08:00:00+09:00,3031.92,0.15,3056.92,3021.92,CLOSE_04_PROFIT,2025-03-20 04:00:00+09:00,3047.62,15.699999999999818,19.920000000000073,2025-03-20 03:10:00+09:00,9.0300000000002,2025-03-19 17:05:00+09:00,1200.0,False
2025-03-19,SELL,Valid,2025-03-19 08:00:00+09:00,3031.77,0.15,3006.77,3041.77,SL,2025-03-19 13:36:00+09:00,3041.77,-10.0,8.75,2025-03-19 17:05:00+09:00,20.220000000000255,2025-03-20 03:10:00+09:00,1200.0,False
2025-03-20,BUY,Valid,2025-03-20 08:00:00+09:00,3050.26,0.15,3075.26,3040.26,SL,2025-03-20 16:24:00+09:00,3040.26,-10.0,7.0,2025-03-20 12:45:00+09:00,24.740000000000236,2025-03-20 18:31:00+09:00,1200.0,False
2025-03-20,SELL,Valid,2025-03-20 08:00:00+09:00,3050.11,0.15,3025.11,3060.11,CLOSE_04_PROFIT,2025-03-21 04:00:00+09:00,3044.95,5.160000000000309,24.470000000000255,2025-03-20 18:31:00+09:00,7.309999999999945,2025-03-20 12:45:00+09:00,1200.0,False
2025-03-21,BUY,Valid,2025-03-21 08:00:00+09:00,3046.4900000000002,0.15,3071.4900000000002,3036.4900000000002,SL,2025-03-21 09:46:00+09:00,3036.4900000000002,-10.0,0.8999999999996362,2025-03-21 08:01:00+09:00,46.940000000000055,2025-03-21 22:10:00+09:00,1200.0,False
2025-03-21,SELL,Valid,2025-03-21 08:00:00+09:00,3046.34,0.15,3021.34,3056.34,TP,2025-03-21 21:38:00+09:00,3021.34,25.0,46.67000000000007,2025-03-21 22:10:00+09:00,1.199999999999818,2025-03-21 08:01:00+09:00,1200.0,False
2025-03-24,BUY,Valid,2025-03-24 08:00:00+09:00,3024.59,0.15,3049.59,3014.59,SL,2025-03-24 10:46:00+09:00,3014.59,-10.0,8.629999999999654,2025-03-24 18:30:00+09:00,22.13000000000011,2025-03-25 02:12:00+09:00,1200.0,False
2025-03-24,SELL,Valid,2025-03-24 08:00:00+09:00,3024.44,0.15,2999.44,3034.44,CLOSE_04_PROFIT,2025-03-25 04:00:00+09:00,3006.23,18.210000000000036,21.829999999999927,2025-03-25 02:12:00+09:00,8.889999999999873,2025-03-24 18:30:00+09:00,1200.0,False
2025-03-25,BUY,Valid,2025-03-25 08:00:00+09:00,3010.32,0.15,3035.32,3000.32,TP,2025-03-25 22:05:00+09:00,3035.32,25.0,25.629999999999654,2025-03-25 22:06:00+09:00,2.680000000000291,2025-03-25 10:52:00+09:00,1200.0,False
2025-03-25,SELL,Valid,2025-03-25 08:00:00+09:00,3010.17,0.15,2985.17,3020.17,SL,2025-03-25 13:25:00+09:00,3020.17,-10.0,2.380000000000109,2025-03-25 10:52:00+09:00,25.929999999999836,2025-03-25 22:06:00+09:00,1200.0,False
2025-03-26,BUY,Valid,2025-03-26 08:00:00+09:00,3021.1600000000003,0.15,3046.1600000000003,3011.1600000000003,CLOSE_04_LOSS,2025-03-27 04:00:00+09:00,3017.3,-3.8600000000001273,10.879999999999654,2025-03-26 16:02:00+09:00,8.710000000000491,2025-03-26 23:02:00+09:00,1200.0,False
2025-03-26,SELL,Valid,2025-03-26 08:00:00+09:00,3021.01,0.15,2996.01,3031.01,SL,2025-03-26 16:00:00+09:00,3031.01,-10.0,8.41000000000031,2025-03-26 23:02:00+09:00,11.179999999999836,2025-03-26 16:02:00+09:00,1200.0,False
2025-03-27,BUY,Valid,2025-03-27 08:00:00+09:00,3021.84,0.15,3046.84,3011.84,TP,2025-03-27 18:15:00+09:00,3046.84,25.0,37.7199999999998,2025-03-27 22:50:00+09:00,0.20000000000027285,2025-03-27 08:00:00+09:00,1200.0,False
2025-03-27,SELL,Valid,2025-03-27 08:00:00+09:00,3021.69,0.15,2996.69,3031.69,SL,2025-03-27 10:43:00+09:00,3031.69,-10.0,-0.09999999999990905,2025-03-27 08:00:00+09:00,38.01999999999998,2025-03-27 22:50:00+09:00,1200.0,False
2025-03-28,BUY,Valid,2025-03-28 08:00:00+09:00,3055.7000000000003,0.15,3080.7000000000003,3045.7000000000003,TP,2025-03-28 13:55:00+09:00,3080.7000000000003,25.0,31.06999999999971,2025-03-28 22:06:00+09:00,0.6900000000000546,2025-03-28 08:00:00+09:00,1200.0,False
2025-03-28,SELL,Valid,2025-03-28 08:00:00+09:00,3055.55,0.15,3030.55,3065.55,SL,2025-03-28 09:14:00+09:00,3065.55,-10.0,0.38999999999987267,2025-03-28 08:00:00+09:00,31.36999999999989,2025-03-28 22:06:00+09:00,1200.0,False
2025-03-31,BUY,Valid,2025-03-31 08:00:00+09:00,3090.1600000000003,0.15,3115.1600000000003,3080.1600000000003,SL,2025-03-31 09:55:00+09:00,3080.1600000000003,-10.0,37.779999999999745,2025-03-31 15:13:00+09:00,13.44000000000051,2025-03-31 10:01:00+09:00,1200.0,False
2025-03-31,SELL,Valid,2025-03-31 08:00:00+09:00,3090.01,0.15,3065.01,3100.01,SL,2025-03-31 11:21:00+09:00,3100.01,-10.0,13.140000000000327,2025-03-31 10:01:00+09:00,38.00999999999976,2025-03-31 15:13:00+09:00,1200.0,False
2025-04-01,BUY,Valid,2025-04-01 08:00:00+09:00,3122.96,0.15,3147.96,3112.96,TP,2025-04-01 14:34:00+09:00,3147.96,25.0,26.079999999999927,2025-04-01 14:38:00+09:00,22.090000000000146,2025-04-02 01:18:00+09:00,1200.0,False
2025-04-01,SELL,Valid,2025-04-01 08:00:00+09:00,3122.81,0.15,3097.81,3132.81,SL,2025-04-01 10:01:00+09:00,3132.81,-10.0,21.840000000000146,2025-04-02 01:19:00+09:00,26.38000000000011,2025-04-01 14:38:00+09:00,1200.0,False
2025-04-02,BUY,Valid,2025-04-02 08:00:00+09:00,3111.6,0.17,3136.6,3101.6,CLOSE_04_PROFIT,2025-04-03 04:00:00+09:00,3121.88,10.2800000000002,24.039999999999964,2025-04-02 11:05:00+09:00,2.0899999999996908,2025-04-02 14:33:00+09:00,1200.0,False
2025-04-02,SELL,Valid,2025-04-02 08:00:00+09:00,3111.43,0.17,3086.43,3121.43,SL,2025-04-02 09:29:00+09:00,3121.43,-10.0,1.7599999999997635,2025-04-02 14:33:00+09:00,24.38000000000011,2025-04-02 11:05:00+09:00,1200.0,False
2025-04-03,BUY,Valid,2025-04-03 08:00:00+09:00,3146.06,0.29,3171.06,3136.06,SL,2025-04-03 14:12:00+09:00,3136.06,-10.0,21.670000000000073,2025-04-03 08:53:00+09:00,91.98000000000002,2025-04-03 22:12:00+09:00,1200.0,False
2025-04-03,SELL,Valid,2025-04-03 08:00:00+09:00,3145.77,0.29,3120.77,3155.77,SL,2025-04-03 08:14:00+09:00,3155.77,-10.0,91.53999999999996,2025-04-03 22:12:00+09:00,22.110000000000127,2025-04-03 08:53:00+09:00,1200.0,False
2025-04-04,BUY,Valid,2025-04-04 08:00:00+09:00,3115.4900000000002,0.15,3140.4900000000002,3105.4900000000002,SL,2025-04-04 11:25:00+09:00,3105.4900000000002,-10.0,21.08999999999969,2025-04-04 20:13:00+09:00,99.71000000000004,2025-04-05 02:30:00+09:00,1197.0,False
2025-04-04,SELL,Valid,2025-04-04 08:00:00+09:00,3115.34,0.15,3090.34,3125.34,TP,2025-04-04 12:06:00+09:00,3090.34,25.0,99.38999999999987,2025-04-05 02:30:00+09:00,21.399999999999636,2025-04-04 20:13:00+09:00,1197.0,False
2025-04-07,BUY,Valid,2025-04-07 08:00:00+09:00,3010.2400000000002,0.8,3035.2400000000002,3000.2400000000002,SL,2025-04-07 08:19:00+09:00,3000.2400000000002,-10.0,45.06999999999971,2025-04-07 11:11:00+09:00,53.98000000000002,2025-04-08 02:30:00+09:00,1200.0,False
2025-04-07,SELL,Valid,2025-04-07 08:00:00+09:00,3009.44,0.8,2984.44,3019.44,TP,2025-04-07 08:28:00+09:00,2984.44,25.0,53.00999999999976,2025-04-08 02:30:00+09:00,46.409999999999854,2025-04-07 11:11:00+09:00,1200.0,False
2025-04-08,BUY,Valid,2025-04-08 08:00:00+09:00,2986.9,0.17,3011.9,2976.9,TP,2025-04-08 15:20:00+09:00,3011.9,25.0,35.82999999999993,2025-04-08 22:18:00+09:00,12.170000000000073,2025-04-09 02:31:00+09:00,1200.0,False
2025-04-08,SELL,Valid,2025-04-08 08:00:00+09:00,2986.73,0.17,2961.73,2996.73,SL,2025-04-08 10:09:00+09:00,2996.73,-10.0,11.849999999999909,2025-04-09 02:31:00+09:00,36.15000000000009,2025-04-08 22:18:00+09:00,1200.0,False
2025-04-09,BUY,Valid,2025-04-09 08:00:00+09:00,2982.54,0.15,3007.54,2972.54,SL,2025-04-09 08:37:00+09:00,2972.54,-10.0,116.53999999999996,2025-04-10 02:21:00+09:00,12.4699999999998,2025-04-09 08:38:00+09:00,1198.0,False
2025-04-09,SELL,Valid,2025-04-09 08:00:00+09:00,2982.39,0.15,2957.39,2992.39,SL,2025-04-09 10:31:00+09:00,2992.39,-10.0,12.169999999999618,2025-04-09 08:38:00+09:00,116.90000000000009,2025-04-10 02:21:00+09:00,1198.0,False
2025-04-10,BUY,Valid,2025-04-10 08:00:00+09:00,3080.4599999999996,0.22,3105.4599999999996,3070.4599999999996,TP,2025-04-10 11:09:00+09:00,3105.4599999999996,25.0,95.0900000000006,2025-04-11 03:51:00+09:00,2.039999999999509,2025-04-10 10:36:00+09:00,1200.0,False
2025-04-10,SELL,Valid,2025-04-10 08:00:00+09:00,3080.24,0.22,3055.24,3090.24,SL,2025-04-10 09:22:00+09:00,3090.24,-10.0,1.599999999999909,2025-04-10 10:36:00+09:00,95.49000000000024,2025-04-11 03:51:00+09:00,1200.0,False
2025-04-11,BUY,Valid,2025-04-11 08:00:00+09:00,3188.9500000000003,0.17,3213.9500000000003,3178.9500000000003,TP,2025-04-11 09:43:00+09:00,3213.9500000000003,25.0,56.409999999999854,2025-04-12 01:08:00+09:00,5.8400000000001455,2025-04-11 08:15:00+09:00,1200.0,False
2025-04-11,SELL,Valid,2025-04-11 08:00:00+09:00,3188.78,0.17,3163.78,3198.78,SL,2025-04-11 09:24:00+09:00,3198.78,-10.0,5.5,2025-04-11 08:15:00+09:00,56.75,2025-04-12 01:08:00+09:00,1200.0,False
2025-04-14,BUY,Valid,2025-04-14 08:00:00+09:00,3221.6,0.17,3246.6,3211.6,SL,2025-04-14 19:21:00+09:00,3211.6,-10.0,24.090000000000146,2025-04-14 11:10:00+09:00,28.029999999999745,2025-04-14 22:16:00+09:00,1200.0,False
2025-04-14,SELL,Valid,2025-04-14 08:00:00+09:00,3221.43,0.17,3196.43,3231.43,SL,2025-04-14 10:28:00+09:00,3231.43,-10.0,27.679999999999836,2025-04-14 22:16:00+09:00,24.43000000000029,2025-04-14 11:10:00+09:00,1200.0,False
2025-04-15,BUY,Valid,2025-04-15 08:00:00+09:00,3212.4,0.21,3237.4,3202.4,CLOSE_04_PROFIT,2025-04-16 04:00:00+09:00,3229.16,16.759999999999764,20.279999999999745,2025-04-15 13:59:00+09:00,2.3899999999998727,2025-04-15 10:00:00+09:00,1200.0,False
2025-04-15,SELL,Valid,2025-04-15 08:00:00+09:00,3212.19,0.21,3187.19,3222.19,SL,2025-04-15 10:20:00+09:00,3222.19,-10.0,2.0,2025-04-15 10:00:00+09:00,20.669999999999618,2025-04-15 13:59:00+09:00,1200.0,False
2025-04-16,BUY,Valid,2025-04-16 08:00:00+09:00,3241.7,0.18,3266.7,3231.7,TP,2025-04-16 09:48:00+09:00,3266.7,25.0,99.0300000000002,2025-04-17 03:55:00+09:00,3.3399999999996908,2025-04-16 08:09:00+09:00,1200.0,False
2025-04-16,SELL,Valid,2025-04-16 08:00:00+09:00,3241.52,0.18,3216.52,3251.52,SL,2025-04-16 08:59:00+09:00,3251.52,-10.0,2.980000000000018,2025-04-16 08:09:00+09:00,99.38999999999987,2025-04-17 03:55:00+09:00,1200.0,False
2025-04-17,BUY,Valid,2025-04-17 08:00:00+09:00,3351.41,0.19,3376.41,3341.41,SL,2025-04-17 10:30:00+09:00,3341.41,-10.0,4.850000000000364,2025-04-17 10:17:00+09:00,67.56999999999971,2025-04-17 23:36:00+09:00,1200.0,False
2025-04-17,SELL,Valid,2025-04-17 08:00:00+09:00,3351.22,0.19,3326.22,3361.22,TP,2025-04-17 10:51:00+09:00,3326.22,25.0,67.2199999999998,2025-04-17 23:36:00+09:00,5.220000000000255,2025-04-17 10:17:00+09:00,1200.0,False
2025-04-21,BUY,Valid,2025-04-21 08:00:00+09:00,3346.43,0.18,3371.43,3336.43,TP,2025-04-21 10:00:00+09:00,3371.43,25.0,83.74000000000024,2025-04-21 23:13:00+09:00,2.980000000000018,2025-04-21 08:02:00+09:00,1200.0,False
2025-04-21,SELL,Valid,2025-04-21 08:00:00+09:00,3346.25,0.18,3321.25,3356.25,SL,2025-04-21 09:12:00+09:00,3356.25,-10.0,2.6200000000003456,2025-04-21 08:02:00+09:00,84.09999999999991,2025-04-21 23:13:00+09:00,1200.0,False
2025-04-22,BUY,Valid,2025-04-22 08:00:00+09:00,3431.29,0.2,3456.29,3421.29,SL,2025-04-22 09:03:00+09:00,3421.29,-10.0,68.69000000000005,2025-04-22 15:18:00+09:00,59.19999999999982,2025-04-23 01:41:00+09:00,1200.0,False
2025-04-22,SELL,Valid,2025-04-22 08:00:00+09:00,3431.09,0.2,3406.09,3441.09,SL,2025-04-22 08:19:00+09:00,3441.09,-10.0,58.7800000000002,2025-04-23 01:41:00+09:00,68.98000000000002,2025-04-22 15:18:00+09:00,1200.0,False
2025-04-23,BUY,Valid,2025-04-23 08:00:00+09:00,3328.33,0.19,3353.33,3318.33,TP,2025-04-23 09:32:00+09:00,3353.33,25.0,58.25,2025-04-23 10:46:00+09:00,68.34999999999991,2025-04-23 23:11:00+09:00,1199.0,False
2025-04-23,SELL,Valid,2025-04-23 08:00:00+09:00,3328.14,0.19,3303.14,3338.14,SL,2025-04-23 08:06:00+09:00,3338.14,-10.0,67.98000000000002,2025-04-23 23:11:00+09:00,58.65000000000009,2025-04-23 10:46:00+09:00,1199.0,False
2025-04-24,BUY,Valid,2025-04-24 08:00:00+09:00,3309.21,0.18,3334.21,3299.21,TP,2025-04-24 09:29:00+09:00,3334.21,25.0,57.960000000000036,2025-04-24 10:39:00+09:00,2.2400000000002365,2025-04-24 23:06:00+09:00,1200.0,False
2025-04-24,SELL,Valid,2025-04-24 08:00:00+09:00,3309.03,0.18,3284.03,3319.03,SL,2025-04-24 09:11:00+09:00,3319.03,-10.0,2.0100000000002183,2025-04-24 23:06:00+09:00,58.31999999999971,2025-04-24 10:39:00+09:00,1200.0,False
2025-04-25,BUY,Valid,2025-04-25 08:00:00+09:00,3367.0899999999997,0.12,3392.0899999999997,3357.0899999999997,SL,2025-04-25 08:21:00+09:00,3357.0899999999997,-10.0,1.0400000000004184,2025-04-25 08:00:00+09:00,101.89999999999964,2025-04-25 22:31:00+09:00,1200.0,False
2025-04-25,SELL,Valid,2025-04-25 08:00:00+09:00,3366.97,0.12,3341.97,3376.97,TP,2025-04-25 12:41:00+09:00,3341.97,25.0,101.59999999999991,2025-04-25 22:31:00+09:00,1.2800000000002,2025-04-25 08:00:00+09:00,1200.0,False
2025-04-28,BUY,Valid,2025-04-28 08:00:00+09:00,3310.81,0.18,3335.81,3300.81,SL,2025-04-28 08:21:00+09:00,3300.81,-10.0,39.05000000000018,2025-04-29 03:28:00+09:00,42.61999999999989,2025-04-28 11:13:00+09:00,1200.0,False
2025-04-28,SELL,Valid,2025-04-28 08:00:00+09:00,3310.63,0.18,3285.63,3320.63,TP,2025-04-28 10:31:00+09:00,3285.63,25.0,42.25,2025-04-28 11:13:00+09:00,39.42000000000007,2025-04-29 03:28:00+09:00,1200.0,False
2025-04-29,BUY,Valid,2025-04-29 08:00:00+09:00,3338.0899999999997,0.18,3363.0899999999997,3328.0899999999997,SL,2025-04-29 09:55:00+09:00,3328.0899999999997,-10.0,4.770000000000437,2025-04-29 08:03:00+09:00,38.399999999999636,2025-04-29 23:08:00+09:00,1200.0,False
2025-04-29,SELL,Valid,2025-04-29 08:00:00+09:00,3337.91,0.18,3312.91,3347.91,TP,2025-04-29 12:16:00+09:00,3312.91,25.0,38.039999999999964,2025-04-29 23:08:00+09:00,5.130000000000109,2025-04-29 08:03:00+09:00,1200.0,False
2025-04-30,BUY,Valid,2025-04-30 08:00:00+09:00,3319.18,0.23,3344.18,3309.18,SL,2025-04-30 10:04:00+09:00,3309.18,-10.0,8.840000000000146,2025-04-30 09:13:00+09:00,52.04999999999973,2025-04-30 21:05:00+09:00,1200.0,False
2025-04-30,SELL,Valid,2025-04-30 08:00:00+09:00,3318.95,0.23,3293.95,3328.95,TP,2025-04-30 17:11:00+09:00,3293.95,25.0,51.59999999999991,2025-04-30 21:05:00+09:00,9.240000000000236,2025-04-30 09:13:00+09:00,1200.0,False
2025-05-01,BUY,Valid,2025-05-01 08:00:00+09:00,3274.45,0.2,3299.45,3264.45,SL,2025-05-01 09:20:00+09:00,3264.45,-10.0,10.830000000000382,2025-05-01 08:11:00+09:00,72.53999999999996,2025-05-01 21:02:00+09:00,1199.0,False
2025-05-01,SELL,Valid,2025-05-01 08:00:00+09:00,3274.25,0.2,3249.25,3284.25,SL,2025-05-01 08:11:00+09:00,3284.25,-10.0,72.16000000000031,2025-05-01 21:02:00+09:00,11.210000000000036,2025-05-01 08:11:00+09:00,1199.0,False
2025-05-02,BUY,Valid,2025-05-02 08:00:00+09:00,3238.1299999999997,0.18,3263.1299999999997,3228.1299999999997,SL,2025-05-02 09:55:00+09:00,3228.1299999999997,-10.0,31.150000000000546,2025-05-02 20:49:00+09:00,15.349999999999454,2025-05-03 01:58:00+09:00,1193.0,False
2025-05-02,SELL,Valid,2025-05-02 08:00:00+09:00,3237.95,0.18,3212.95,3247.95,SL,2025-05-02 11:33:00+09:00,3247.95,-10.0,14.989999999999782,2025-05-03 01:58:00+09:00,31.51000000000022,2025-05-02 20:49:00+09:00,1193.0,False
2025-05-05,BUY,Valid,2025-05-05 08:00:00+09:00,3240.0099999999998,0.18,3265.0099999999998,3230.0099999999998,TP,2025-05-05 10:21:00+09:00,3265.0099999999998,25.0,88.76000000000022,2025-05-05 23:07:00+09:00,1.1199999999998909,2025-05-05 08:06:00+09:00,1200.0,False
2025-05-05,SELL,Valid,2025-05-05 08:00:00+09:00,3239.83,0.18,3214.83,3249.83,SL,2025-05-05 08:43:00+09:00,3249.83,-10.0,0.75,2025-05-05 08:06:00+09:00,88.99000000000024,2025-05-05 23:07:00+09:00,1200.0,False
2025-05-06,BUY,Valid,2025-05-06 08:00:00+09:00,3330.71,0.2,3355.71,3320.71,TP,2025-05-06 10:08:00+09:00,3355.71,25.0,87.09999999999991,2025-05-07 02:42:00+09:00,7.190000000000055,2025-05-06 09:47:00+09:00,1200.0,False
2025-05-06,SELL,Valid,2025-05-06 08:00:00+09:00,3330.51,0.2,3305.51,3340.51,SL,2025-05-06 10:01:00+09:00,3340.51,-10.0,6.8100000000004,2025-05-06 09:47:00+09:00,87.47999999999956,2025-05-07 02:42:00+09:00,1200.0,False
2025-05-07,BUY,Valid,2025-05-07 08:00:00+09:00,3381.6,0.18,3406.6,3371.6,SL,2025-05-07 09:42:00+09:00,3371.6,-10.0,22.950000000000273,2025-05-07 08:58:00+09:00,21.389999999999873,2025-05-07 10:33:00+09:00,1200.0,False
2025-05-07,SELL,Valid,2025-05-07 08:00:00+09:00,3381.42,0.18,3356.42,3391.42,SL,2025-05-07 08:10:00+09:00,3391.42,-10.0,21.0300000000002,2025-05-07 10:33:00+09:00,23.309999999999945,2025-05-07 08:58:00+09:00,1200.0,False
2025-05-08,BUY,Valid,2025-05-08 08:00:00+09:00,3370.0699999999997,0.18,3395.0699999999997,3360.0699999999997,TP,2025-05-08 10:03:00+09:00,3395.0699999999997,25.0,44.71000000000049,2025-05-08 11:02:00+09:00,72.2199999999998,2025-05-09 02:31:00+09:00,1200.0,False
2025-05-08,SELL,Valid,2025-05-08 08:00:00+09:00,3369.89,0.18,3344.89,3379.89,SL,2025-05-08 09:16:00+09:00,3379.89,-10.0,71.86000000000013,2025-05-09 02:31:00+09:00,45.070000000000164,2025-05-08 11:02:00+09:00,1200.0,False
2025-05-09,BUY,Valid,2025-05-09 08:00:00+09:00,3324.02,0.18,3349.02,3314.02,SL,2025-05-09 08:32:00+09:00,3314.02,-10.0,23.51000000000022,2025-05-10 01:16:00+09:00,49.159999999999854,2025-05-09 11:13:00+09:00,1200.0,False
2025-05-09,SELL,Valid,2025-05-09 08:00:00+09:00,3323.84,0.18,3298.84,3333.84,TP,2025-05-09 10:26:00+09:00,3298.84,25.0,48.92000000000007,2025-05-09 11:13:00+09:00,23.86999999999989,2025-05-10 01:16:00+09:00,1200.0,False
2025-05-12,BUY,Valid,2025-05-12 08:00:00+09:00,3272.8599999999997,0.18,3297.8599999999997,3262.8599999999997,SL,2025-05-12 10:12:00+09:00,3262.8599999999997,-10.0,17.050000000000182,2025-05-12 09:00:00+09:00,65.11999999999989,2025-05-12 19:56:00+09:00,1200.0,False
2025-05-12,SELL,Valid,2025-05-12 08:00:00+09:00,3272.68,0.18,3247.68,3282.68,SL,2025-05-12 08:27:00+09:00,3282.68,-10.0,64.88000000000011,2025-05-12 19:56:00+09:00,17.409999999999854,2025-05-12 09:00:00+09:00,1200.0,False
2025-05-13,BUY,Valid,2025-05-13 08:00:00+09:00,3234.0699999999997,0.18,3259.0699999999997,3224.0699999999997,SL,2025-05-13 10:35:00+09:00,3224.0699999999997,-10.0,31.360000000000127,2025-05-13 15:51:00+09:00,18.079999999999927,2025-05-13 10:45:00+09:00,1200.0,False
2025-05-13,SELL,Valid,2025-05-13 08:00:00+09:00,3233.89,0.18,3208.89,3243.89,SL,2025-05-13 13:39:00+09:00,3243.89,-10.0,17.820000000000164,2025-05-13 10:45:00+09:00,31.7199999999998,2025-05-13 15:51:00+09:00,1200.0,False
2025-05-14,BUY,Valid,2025-05-14 08:00:00+09:00,3254.62,0.15,3279.62,3244.62,SL,2025-05-14 09:10:00+09:00,3244.62,-10.0,2.430000000000291,2025-05-14 08:06:00+09:00,82.88000000000011,2025-05-15 03:56:00+09:00,1200.0,False
2025-05-14,SELL,Valid,2025-05-14 08:00:00+09:00,3254.47,0.15,3229.47,3264.47,TP,2025-05-14 12:13:00+09:00,3229.47,25.0,82.57999999999993,2025-05-15 03:56:00+09:00,2.730000000000473,2025-05-14 08:06:00+09:00,1200.0,False
2025-05-15,BUY,Valid,2025-05-15 08:00:00+09:00,3182.8,0.15,3207.8,3172.8,SL,2025-05-15 10:50:00+09:00,3172.8,-10.0,46.25999999999976,2025-05-16 02:06:00+09:00,62.01999999999998,2025-05-15 15:03:00+09:00,1200.0,False
2025-05-15,SELL,Valid,2025-05-15 08:00:00+09:00,3182.65,0.15,3157.65,3192.65,SL,2025-05-15 10:03:00+09:00,3192.65,-10.0,61.7199999999998,2025-05-15 15:03:00+09:00,46.559999999999945,2025-05-16 02:06:00+09:00,1200.0,False
2025-05-16,BUY,Valid,2025-05-16 08:00:00+09:00,3251.2400000000002,0.05,3276.2400000000002,3241.2400000000002,SL,2025-05-16 08:37:00+09:00,3241.2400000000002,-10.0,-0.03000000000020009,2025-05-16 08:00:00+09:00,96.89000000000033,2025-05-16 20:55:00+09:00,1200.0,False
2025-05-16,SELL,Valid,2025-05-16 08:00:00+09:00,3251.19,0.05,3226.19,3261.19,TP,2025-05-16 10:17:00+09:00,3226.19,25.0,96.69000000000005,2025-05-16 20:55:00+09:00,0.07000000000016371,2025-05-16 08:00:00+09:00,1200.0,False
2025-05-19,BUY,Valid,2025-05-19 08:00:00+09:00,3239.38,0.15,3264.38,3229.38,SL,2025-05-19 08:41:00+09:00,3229.38,-10.0,10.36999999999989,2025-05-19 09:17:00+09:00,32.690000000000055,2025-05-19 13:05:00+09:00,1200.0,False
2025-05-19,SELL,Valid,2025-05-19 08:00:00+09:00,3239.23,0.15,3214.23,3249.23,SL,2025-05-19 09:17:00+09:00,3249.23,-10.0,32.38999999999987,2025-05-19 13:05:00+09:00,10.670000000000073,2025-05-19 09:17:00+09:00,1200.0,False
2025-05-20,BUY,Valid,2025-05-20 08:00:00+09:00,3226.95,0.18,3251.95,3216.95,SL,2025-05-20 09:34:00+09:00,3216.95,-10.0,62.73000000000002,2025-05-21 03:28:00+09:00,22.379999999999654,2025-05-20 12:03:00+09:00,1195.0,False
2025-05-20,SELL,Valid,2025-05-20 08:00:00+09:00,3226.77,0.18,3201.77,3236.77,SL,2025-05-20 18:00:00+09:00,3236.77,-10.0,22.029999999999745,2025-05-20 12:03:00+09:00,63.07999999999993,2025-05-21 03:28:00+09:00,1195.0,False
2025-05-21,BUY,Valid,2025-05-21 08:00:00+09:00,3297.01,0.17,3322.01,3287.01,SL,2025-05-21 10:24:00+09:00,3287.01,-10.0,23.659999999999854,2025-05-21 15:56:00+09:00,11.450000000000273,2025-05-21 10:25:00+09:00,1200.0,False
2025-05-21,SELL,Valid,2025-05-21 08:00:00+09:00,3296.84,0.17,3271.84,3306.84,SL,2025-05-21 10:00:00+09:00,3306.84,-10.0,11.110000000000127,2025-05-21 10:25:00+09:00,24.0,2025-05-21 15:56:00+09:00,1200.0,False
2025-05-22,BUY,Valid,2025-05-22 08:00:00+09:00,3318.1,0.18,3343.1,3308.1,TP,2025-05-22 11:44:00+09:00,3343.1,25.0,27.210000000000036,2025-05-22 12:18:00+09:00,38.73000000000002,2025-05-22 23:01:00+09:00,1199.0,False
2025-05-22,SELL,Valid,2025-05-22 08:00:00+09:00,3317.92,0.18,3292.92,3327.92,SL,2025-05-22 10:07:00+09:00,3327.92,-10.0,38.38000000000011,2025-05-22 23:01:00+09:00,27.559999999999945,2025-05-22 12:18:00+09:00,1199.0,False
2025-05-23,BUY,Valid,2025-05-23 08:00:00+09:00,3297.9300000000003,0.17,3322.9300000000003,3287.9300000000003,SL,2025-05-23 09:52:00+09:00,3287.9300000000003,-10.0,67.9399999999996,2025-05-24 02:30:00+09:00,10.88000000000011,2025-05-23 09:52:00+09:00,1200.0,False
2025-05-23,SELL,Valid,2025-05-23 08:00:00+09:00,3297.76,0.17,3272.76,3307.76,SL,2025-05-23 09:33:00+09:00,3307.76,-10.0,10.539999999999964,2025-05-23 09:52:00+09:00,68.27999999999975,2025-05-24 02:30:00+09:00,1200.0,False
2025-05-26,BUY,Candle 04:00 tidak tersedia,,,,,,DATA_UNAVAILABLE,,,,,,,,,
2025-05-26,SELL,Candle 04:00 tidak tersedia,,,,,,DATA_UNAVAILABLE,,,,,,,,,
2025-05-27,BUY,Valid,2025-05-27 08:00:00+09:00,3347.83,0.17,3372.83,3337.83,SL,2025-05-27 10:28:00+09:00,3337.83,-10.0,1.9400000000000546,2025-05-27 09:15:00+09:00,62.929999999999836,2025-05-27 23:00:00+09:00,1182.0,False
2025-05-27,SELL,Valid,2025-05-27 08:00:00+09:00,3347.66,0.17,3322.66,3357.66,TP,2025-05-27 14:46:00+09:00,3322.66,25.0,62.70999999999958,2025-05-27 23:00:00+09:00,2.2899999999999636,2025-05-27 09:15:00+09:00,1182.0,False
2025-05-28,BUY,Valid,2025-05-28 08:00:00+09:00,3303.64,0.17,3328.64,3293.64,SL,2025-05-28 12:23:00+09:00,3293.64,-10.0,21.800000000000182,2025-05-28 18:46:00+09:00,15.019999999999982,2025-05-29 01:45:00+09:00,1200.0,False
2025-05-28,SELL,Valid,2025-05-28 08:00:00+09:00,3303.47,0.17,3278.47,3313.47,SL,2025-05-28 09:30:00+09:00,3313.47,-10.0,14.679999999999836,2025-05-29 01:45:00+09:00,22.140000000000327,2025-05-28 18:46:00+09:00,1200.0,False
2025-05-29,BUY,Valid,2025-05-29 08:00:00+09:00,3286.75,0.17,3311.75,3276.75,SL,2025-05-29 08:09:00+09:00,3276.75,-10.0,44.48000000000002,2025-05-30 01:15:00+09:00,41.23000000000002,2025-05-29 10:19:00+09:00,1200.0,False
2025-05-29,SELL,Valid,2025-05-29 08:00:00+09:00,3286.58,0.17,3261.58,3296.58,TP,2025-05-29 08:24:00+09:00,3261.58,25.0,40.88999999999987,2025-05-29 10:19:00+09:00,44.820000000000164,2025-05-30 01:15:00+09:00,1200.0,False
2025-05-30,BUY,Valid,2025-05-30 08:00:00+09:00,3314.66,0.18,3339.66,3304.66,SL,2025-05-30 11:11:00+09:00,3304.66,-10.0,8.039999999999964,2025-05-30 10:22:00+09:00,42.83999999999969,2025-05-30 23:02:00+09:00,1200.0,False
2025-05-30,SELL,Valid,2025-05-30 08:00:00+09:00,3314.48,0.18,3289.48,3324.48,TP,2025-05-30 16:13:00+09:00,3289.48,25.0,42.48999999999978,2025-05-30 23:02:00+09:00,8.389999999999873,2025-05-30 10:22:00+09:00,1200.0,False
2025-06-02,BUY,Valid,2025-06-02 08:00:00+09:00,3313.23,0.17,3338.23,3303.23,SL,2025-06-02 10:54:00+09:00,3303.23,-10.0,66.7800000000002,2025-06-03 03:55:00+09:00,11.7800000000002,2025-06-02 10:55:00+09:00,1200.0,False
2025-06-02,SELL,Valid,2025-06-02 08:00:00+09:00,3313.06,0.17,3288.06,3323.06,SL,2025-06-02 14:44:00+09:00,3323.06,-10.0,11.440000000000055,2025-06-02 10:55:00+09:00,67.12000000000035,2025-06-03 03:55:00+09:00,1200.0,False
2025-06-03,BUY,Valid,2025-06-03 08:00:00+09:00,3390.2400000000002,0.17,3415.2400000000002,3380.2400000000002,SL,2025-06-03 09:15:00+09:00,3380.2400000000002,-10.0,1.9999999999995453,2025-06-03 08:25:00+09:00,57.04000000000042,2025-06-03 23:05:00+09:00,1200.0,False
2025-06-03,SELL,Valid,2025-06-03 08:00:00+09:00,3390.07,0.17,3365.07,3400.07,TP,2025-06-03 10:18:00+09:00,3365.07,25.0,56.70000000000027,2025-06-03 23:05:00+09:00,2.3399999999996908,2025-06-03 08:25:00+09:00,1200.0,False
2025-06-04,BUY,Valid,2025-06-04 08:00:00+09:00,3357.34,0.17,3382.34,3347.34,SL,2025-06-04 10:00:00+09:00,3347.34,-10.0,27.309999999999945,2025-06-04 23:44:00+09:00,13.539999999999964,2025-06-04 20:28:00+09:00,1200.0,False
2025-06-04,SELL,Valid,2025-06-04 08:00:00+09:00,3357.17,0.17,3332.17,3367.17,SL,2025-06-04 10:34:00+09:00,3367.17,-10.0,13.199999999999818,2025-06-04 20:28:00+09:00,27.65000000000009,2025-06-04 23:44:00+09:00,1200.0,False
2025-06-05,BUY,Valid,2025-06-05 08:00:00+09:00,3373.7599999999998,0.18,3398.7599999999998,3363.7599999999998,SL,2025-06-05 14:33:00+09:00,3363.7599999999998,-10.0,29.570000000000164,2025-06-05 20:15:00+09:00,34.149999999999636,2025-06-06 00:56:00+09:00,1200.0,False
2025-06-05,SELL,Valid,2025-06-05 08:00:00+09:00,3373.58,0.18,3348.58,3383.58,SL,2025-06-05 10:04:00+09:00,3383.58,-10.0,33.91999999999962,2025-06-06 00:56:00+09:00,29.86999999999989,2025-06-05 20:15:00+09:00,1200.0,False
2025-06-06,BUY,Valid,2025-06-06 08:00:00+09:00,3359.2200000000003,0.17,3384.2200000000003,3349.2200000000003,SL,2025-06-06 21:40:00+09:00,3349.2200000000003,-10.0,16.379999999999654,2025-06-06 14:05:00+09:00,45.48000000000047,2025-06-07 03:14:00+09:00,1200.0,False
2025-06-06,SELL,Valid,2025-06-06 08:00:00+09:00,3359.05,0.17,3334.05,3369.05,SL,2025-06-06 12:36:00+09:00,3369.05,-10.0,45.14000000000033,2025-06-07 03:14:00+09:00,16.7199999999998,2025-06-06 14:05:00+09:00,1200.0,False
2025-06-09,BUY,Valid,2025-06-09 08:00:00+09:00,3314.9900000000002,0.17,3339.9900000000002,3304.9900000000002,SL,2025-06-09 09:20:00+09:00,3304.9900000000002,-10.0,23.169999999999618,2025-06-10 02:00:00+09:00,21.38000000000011,2025-06-09 11:00:00+09:00,1200.0,False
2025-06-09,SELL,Valid,2025-06-09 08:00:00+09:00,3314.82,0.17,3289.82,3324.82,SL,2025-06-09 15:59:00+09:00,3324.82,-10.0,21.039999999999964,2025-06-09 11:00:00+09:00,23.509999999999764,2025-06-10 02:00:00+09:00,1200.0,False
2025-06-10,BUY,Valid,2025-06-10 08:00:00+09:00,3323.82,0.17,3348.82,3313.82,SL,2025-06-10 10:02:00+09:00,3313.82,-10.0,25.259999999999764,2025-06-10 22:47:00+09:00,21.88000000000011,2025-06-10 11:30:00+09:00,1199.0,False
2025-06-10,SELL,Valid,2025-06-10 08:00:00+09:00,3323.65,0.17,3298.65,3333.65,SL,2025-06-10 17:16:00+09:00,3333.65,-10.0,21.539999999999964,2025-06-10 11:30:00+09:00,25.59999999999991,2025-06-10 22:47:00+09:00,1199.0,False
2025-06-11,BUY,Valid,2025-06-11 08:00:00+09:00,3324.65,0.17,3349.65,3314.65,TP,2025-06-11 21:30:00+09:00,3349.65,25.0,36.029999999999745,2025-06-11 21:36:00+09:00,9.11999999999989,2025-06-11 08:22:00+09:00,1200.0,False
2025-06-11,SELL,Valid,2025-06-11 08:00:00+09:00,3324.48,0.17,3299.48,3334.48,SL,2025-06-11 09:39:00+09:00,3334.48,-10.0,8.789999999999964,2025-06-11 08:22:00+09:00,36.36999999999989,2025-06-11 21:36:00+09:00,1200.0,False
2025-06-12,BUY,Valid,2025-06-12 08:00:00+09:00,3369.07,0.17,3394.07,3359.07,SL,2025-06-12 08:54:00+09:00,3359.07,-10.0,29.699999999999818,2025-06-12 22:45:00+09:00,30.40000000000009,2025-06-12 16:44:00+09:00,1198.0,False
2025-06-12,SELL,Valid,2025-06-12 08:00:00+09:00,3368.9,0.17,3343.9,3378.9,TP,2025-06-12 16:42:00+09:00,3343.9,25.0,30.179999999999836,2025-06-12 16:44:00+09:00,30.039999999999964,2025-06-12 22:45:00+09:00,1198.0,False
2025-06-13,BUY,Valid,2025-06-13 08:00:00+09:00,3383.6,0.17,3408.6,3373.6,TP,2025-06-13 09:07:00+09:00,3408.6,25.0,63.20000000000027,2025-06-13 22:37:00+09:00,1.069999999999709,2025-06-13 08:09:00+09:00,1200.0,False
2025-06-13,SELL,Valid,2025-06-13 08:00:00+09:00,3383.43,0.17,3358.43,3393.43,SL,2025-06-13 08:57:00+09:00,3393.43,-10.0,0.7299999999995634,2025-06-13 08:09:00+09:00,63.54000000000042,2025-06-13 22:37:00+09:00,1200.0,False
2025-06-16,BUY,Valid,2025-06-16 08:00:00+09:00,3448.58,0.17,3473.58,3438.58,SL,2025-06-16 09:03:00+09:00,3438.58,-10.0,2.650000000000091,2025-06-16 09:27:00+09:00,65.81999999999971,2025-06-16 22:56:00+09:00,1200.0,False
2025-06-16,SELL,Valid,2025-06-16 08:00:00+09:00,3448.41,0.17,3423.41,3458.41,TP,2025-06-16 14:03:00+09:00,3423.41,25.0,65.54999999999973,2025-06-16 22:56:00+09:00,2.9900000000002365,2025-06-16 09:27:00+09:00,1200.0,False
2025-06-17,BUY,Valid,2025-06-17 08:00:00+09:00,3395.67,0.17,3420.67,3385.67,SL,2025-06-17 12:07:00+09:00,3385.67,-10.0,7.569999999999709,2025-06-17 09:37:00+09:00,29.519999999999982,2025-06-17 23:38:00+09:00,1200.0,False
2025-06-17,SELL,Valid,2025-06-17 08:00:00+09:00,3395.5,0.17,3370.5,3405.5,TP,2025-06-17 23:37:00+09:00,3370.5,25.0,29.179999999999836,2025-06-17 23:38:00+09:00,7.899999999999636,2025-06-17 09:37:00+09:00,1200.0,False
2025-06-18,BUY,Valid,2025-06-18 08:00:00+09:00,3389.3599999999997,0.18,3414.3599999999997,3379.3599999999997,SL,2025-06-18 10:45:00+09:00,3379.3599999999997,-10.0,10.650000000000546,2025-06-18 13:46:00+09:00,18.73999999999978,2025-06-18 11:31:00+09:00,1200.0,False
2025-06-18,SELL,Valid,2025-06-18 08:00:00+09:00,3389.18,0.18,3364.18,3399.18,SL,2025-06-18 13:45:00+09:00,3399.18,-10.0,18.389999999999873,2025-06-18 11:31:00+09:00,11.000000000000455,2025-06-18 13:46:00+09:00,1200.0,False
2025-06-19,BUY,Candle 04:00 tidak tersedia,,,,,,DATA_UNAVAILABLE,,,,,,,,,
2025-06-19,SELL,Candle 04:00 tidak tersedia,,,,,,DATA_UNAVAILABLE,,,,,,,,,
2025-06-20,BUY,Valid,2025-06-20 08:00:00+09:00,3365.9700000000003,0.19,3390.9700000000003,3355.9700000000003,SL,2025-06-20 11:00:00+09:00,3355.9700000000003,-10.0,8.539999999999964,2025-06-20 23:12:00+09:00,25.600000000000364,2025-06-20 15:43:00+09:00,1200.0,False
2025-06-20,SELL,Valid,2025-06-20 08:00:00+09:00,3365.78,0.19,3340.78,3375.78,TP,2025-06-20 15:43:00+09:00,3340.78,25.0,25.240000000000236,2025-06-20 15:43:00+09:00,8.900000000000091,2025-06-20 23:12:00+09:00,1200.0,False
2025-06-23,BUY,Valid,2025-06-23 08:00:00+09:00,3379.25,0.18,3404.25,3369.25,SL,2025-06-23 09:09:00+09:00,3369.25,-10.0,14.2800000000002,2025-06-24 01:26:00+09:00,32.13000000000011,2025-06-23 14:36:00+09:00,1200.0,False
2025-06-23,SELL,Valid,2025-06-23 08:00:00+09:00,3379.07,0.18,3354.07,3389.07,TP,2025-06-23 10:25:00+09:00,3354.07,25.0,31.840000000000146,2025-06-23 14:36:00+09:00,14.63000000000011,2025-06-24 01:26:00+09:00,1200.0,False
2025-06-24,BUY,Valid,2025-06-24 08:00:00+09:00,3355.7000000000003,0.17,3380.7000000000003,3345.7000000000003,SL,2025-06-24 08:34:00+09:00,3345.7000000000003,-10.0,2.2199999999998,2025-06-24 12:36:00+09:00,60.20000000000027,2025-06-24 22:49:00+09:00,1200.0,False
2025-06-24,SELL,Valid,2025-06-24 08:00:00+09:00,3355.53,0.17,3330.53,3365.53,TP,2025-06-24 14:47:00+09:00,3330.53,25.0,59.86000000000013,2025-06-24 22:41:00+09:00,2.5599999999999454,2025-06-24 12:36:00+09:00,1200.0,False
2025-06-25,BUY,Valid,2025-06-25 08:00:00+09:00,3321.8199999999997,0.18,3346.8199999999997,3311.8199999999997,CLOSE_04_PROFIT,2025-06-26 04:00:00+09:00,3331.6,9.7800000000002,15.250000000000455,2025-06-25 16:46:00+09:00,9.83999999999969,2025-06-25 22:35:00+09:00,1200.0,False
2025-06-25,SELL,Valid,2025-06-25 08:00:00+09:00,3321.64,0.18,3296.64,3331.64,SL,2025-06-25 10:16:00+09:00,3331.64,-10.0,9.489999999999782,2025-06-25 22:35:00+09:00,15.590000000000146,2025-06-25 16:46:00+09:00,1200.0,False
2025-06-26,BUY,Valid,2025-06-26 08:00:00+09:00,3333.41,0.18,3358.41,3323.41,SL,2025-06-26 21:59:00+09:00,3323.41,-10.0,16.870000000000346,2025-06-26 17:58:00+09:00,23.420000000000073,2025-06-26 22:36:00+09:00,1200.0,False
2025-06-26,SELL,Valid,2025-06-26 08:00:00+09:00,3333.23,0.18,3308.23,3343.23,SL,2025-06-26 12:10:00+09:00,3343.23,-10.0,23.090000000000146,2025-06-26 22:36:00+09:00,17.170000000000073,2025-06-26 17:58:00+09:00,1200.0,False
2025-06-27,BUY,Valid,2025-06-27 08:00:00+09:00,3321.61,0.17,3346.61,3311.61,SL,2025-06-27 11:37:00+09:00,3311.61,-10.0,2.0599999999999454,2025-06-27 08:02:00+09:00,65.72000000000025,2025-06-27 22:30:00+09:00,1200.0,False
2025-06-27,SELL,Valid,2025-06-27 08:00:00+09:00,3321.44,0.17,3296.44,3331.44,TP,2025-06-27 12:50:00+09:00,3296.44,25.0,65.38000000000011,2025-06-27 22:30:00+09:00,2.400000000000091,2025-06-27 08:02:00+09:00,1200.0,False
2025-06-30,BUY,Valid,2025-06-30 08:00:00+09:00,3263.94,0.17,3288.94,3253.94,TP,2025-06-30 14:30:00+09:00,3288.94,25.0,35.61000000000013,2025-07-01 03:30:00+09:00,4.400000000000091,2025-06-30 10:06:00+09:00,1200.0,False
2025-06-30,SELL,Valid,2025-06-30 08:00:00+09:00,3263.77,0.17,3238.77,3273.77,SL,2025-06-30 10:20:00+09:00,3273.77,-10.0,4.059999999999945,2025-06-30 10:06:00+09:00,35.83000000000038,2025-07-01 03:30:00+09:00,1200.0,False
2025-07-01,BUY,Valid,2025-07-01 08:00:00+09:00,3311.61,0.17,3336.61,3301.61,TP,2025-07-01 16:13:00+09:00,3336.61,25.0,46.309999999999945,2025-07-01 21:41:00+09:00,3.0,2025-07-01 08:25:00+09:00,1200.0,False
2025-07-01,SELL,Valid,2025-07-01 08:00:00+09:00,3311.44,0.17,3286.44,3321.44,SL,2025-07-01 12:27:00+09:00,3321.44,-10.0,2.6599999999998545,2025-07-01 08:25:00+09:00,46.590000000000146,2025-07-01 21:41:00+09:00,1200.0,False
2025-07-02,BUY,Valid,2025-07-02 08:00:00+09:00,3341.92,0.15,3366.92,3331.92,SL,2025-07-02 10:40:00+09:00,3331.92,-10.0,13.269999999999982,2025-07-03 03:58:00+09:00,14.309999999999945,2025-07-02 16:28:00+09:00,1200.0,False
2025-07-02,SELL,Valid,2025-07-02 08:00:00+09:00,3341.77,0.15,3316.77,3351.77,SL,2025-07-03 03:13:00+09:00,3351.77,-10.0,14.0,2025-07-02 16:28:00+09:00,13.570000000000164,2025-07-03 03:58:00+09:00,1200.0,False
2025-07-03,BUY,Valid,2025-07-03 08:00:00+09:00,3362.1099999999997,0.16,3387.1099999999997,3352.1099999999997,SL,2025-07-03 08:19:00+09:00,3352.1099999999997,-10.0,0.18000000000029104,2025-07-03 08:00:00+09:00,50.41999999999962,2025-07-03 21:44:00+09:00,651.0,False
2025-07-03,SELL,Valid,2025-07-03 08:00:00+09:00,3361.95,0.16,3336.95,3371.95,TP,2025-07-03 21:30:00+09:00,3336.95,25.0,50.10999999999967,2025-07-03 21:44:00+09:00,0.5,2025-07-03 08:00:00+09:00,651.0,False
2025-07-04,BUY,Candle 04:00 tidak tersedia,,,,,,DATA_UNAVAILABLE,,,,,,,,,
2025-07-04,SELL,Candle 04:00 tidak tersedia,,,,,,DATA_UNAVAILABLE,,,,,,,,,
2025-07-07,BUY,Valid,2025-07-07 08:00:00+09:00,3333.68,0.16,3358.68,3323.68,SL,2025-07-07 09:11:00+09:00,3323.68,-10.0,2.1400000000003274,2025-07-08 02:36:00+09:00,37.23000000000002,2025-07-07 19:45:00+09:00,1200.0,False
2025-07-07,SELL,Valid,2025-07-07 08:00:00+09:00,3333.52,0.16,3308.52,3343.52,TP,2025-07-07 10:20:00+09:00,3308.52,25.0,36.91000000000031,2025-07-07 19:45:00+09:00,2.4100000000003092,2025-07-08 02:36:00+09:00,1200.0,False
2025-07-08,BUY,Valid,2025-07-08 08:00:00+09:00,3339.92,0.17,3364.92,3329.92,SL,2025-07-08 10:13:00+09:00,3329.92,-10.0,0.11999999999989086,2025-07-08 08:00:00+09:00,52.789999999999964,2025-07-09 00:11:00+09:00,1200.0,False
2025-07-08,SELL,Valid,2025-07-08 08:00:00+09:00,3339.75,0.17,3314.75,3349.75,TP,2025-07-08 23:00:00+09:00,3314.75,25.0,52.48999999999978,2025-07-09 00:11:00+09:00,0.4600000000000364,2025-07-08 08:00:00+09:00,1200.0,False
2025-07-09,BUY,Valid,2025-07-09 08:00:00+09:00,3301.77,0.17,3326.77,3291.77,SL,2025-07-09 11:47:00+09:00,3291.77,-10.0,12.820000000000164,2025-07-10 02:13:00+09:00,19.0,2025-07-09 17:38:00+09:00,1200.0,False
2025-07-09,SELL,Valid,2025-07-09 08:00:00+09:00,3301.6,0.17,3276.6,3311.6,SL,2025-07-09 23:35:00+09:00,3311.6,-10.0,18.659999999999854,2025-07-09 17:38:00+09:00,13.150000000000091,2025-07-10 02:14:00+09:00,1200.0,False
2025-07-10,BUY,Valid,2025-07-10 08:00:00+09:00,3319.7200000000003,0.17,3344.7200000000003,3309.7200000000003,CLOSE_04_PROFIT,2025-07-11 04:00:00+09:00,3321.57,1.849999999999909,10.529999999999745,2025-07-10 20:18:00+09:00,9.600000000000364,2025-07-10 23:02:00+09:00,1200.0,False
2025-07-10,SELL,Valid,2025-07-10 08:00:00+09:00,3319.55,0.17,3294.55,3329.55,SL,2025-07-10 16:08:00+09:00,3329.55,-10.0,9.270000000000437,2025-07-10 23:02:00+09:00,10.86999999999989,2025-07-10 20:18:00+09:00,1200.0,False
2025-07-11,BUY,Valid,2025-07-11 08:00:00+09:00,3323.11,0.17,3348.11,3313.11,TP,2025-07-11 19:43:00+09:00,3348.11,25.0,45.63999999999987,2025-07-12 00:20:00+09:00,0.17000000000007276,2025-07-11 08:00:00+09:00,1200.0,False
2025-07-11,SELL,Valid,2025-07-11 08:00:00+09:00,3322.94,0.17,3297.94,3332.94,SL,2025-07-11 09:31:00+09:00,3332.94,-10.0,-0.17000000000007276,2025-07-11 08:00:00+09:00,45.86000000000013,2025-07-12 00:20:00+09:00,1200.0,False
2025-07-14,BUY,Valid,2025-07-14 08:00:00+09:00,3369.7200000000003,0.11,3394.7200000000003,3359.7200000000003,SL,2025-07-14 10:37:00+09:00,3359.7200000000003,-10.0,5.199999999999818,2025-07-14 16:30:00+09:00,28.670000000000073,2025-07-14 23:45:00+09:00,1200.0,False
2025-07-14,SELL,Valid,2025-07-14 08:00:00+09:00,3369.61,0.11,3344.61,3379.61,TP,2025-07-14 23:38:00+09:00,3344.61,25.0,28.409999999999854,2025-07-14 23:45:00+09:00,5.4699999999998,2025-07-14 16:30:00+09:00,1200.0,False
2025-07-15,BUY,Valid,2025-07-15 08:00:00+09:00,3345.63,0.15,3370.63,3335.63,SL,2025-07-15 22:35:00+09:00,3335.63,-10.0,21.09999999999991,2025-07-15 19:05:00+09:00,25.38000000000011,2025-07-16 01:18:00+09:00,1200.0,False
2025-07-15,SELL,Valid,2025-07-15 08:00:00+09:00,3345.48,0.15,3320.48,3355.48,SL,2025-07-15 12:23:00+09:00,3355.48,-10.0,25.079999999999927,2025-07-16 01:18:00+09:00,21.320000000000164,2025-07-15 19:05:00+09:00,1200.0,False
2025-07-16,BUY,Valid,2025-07-16 08:00:00+09:00,3326.75,0.16,3351.75,3316.75,TP,2025-07-17 00:08:00+09:00,3351.75,25.0,50.73000000000002,2025-07-17 00:30:00+09:00,7.130000000000109,2025-07-16 23:33:00+09:00,1200.0,False
2025-07-16,SELL,Valid,2025-07-16 08:00:00+09:00,3326.59,0.16,3301.59,3336.59,SL,2025-07-16 13:31:00+09:00,3336.59,-10.0,6.870000000000346,2025-07-16 23:33:00+09:00,50.9699999999998,2025-07-17 00:30:00+09:00,1200.0,False
2025-07-17,BUY,Valid,2025-07-17 08:00:00+09:00,3349.75,0.15,3374.75,3339.75,SL,2025-07-17 09:48:00+09:00,3339.75,-10.0,0.40000000000009095,2025-07-17 08:00:00+09:00,39.84999999999991,2025-07-17 21:57:00+09:00,1200.0,False
2025-07-17,SELL,Valid,2025-07-17 08:00:00+09:00,3349.6,0.15,3324.6,3359.6,TP,2025-07-17 20:00:00+09:00,3324.6,25.0,39.54999999999973,2025-07-17 21:57:00+09:00,0.7000000000002728,2025-07-17 08:00:00+09:00,1200.0,False
2025-07-18,BUY,Valid,2025-07-18 08:00:00+09:00,3343.4,0.15,3368.4,3333.4,SL,2025-07-18 15:00:00+09:00,3333.4,-10.0,17.83999999999969,2025-07-18 21:53:00+09:00,11.599999999999909,2025-07-18 15:05:00+09:00,1200.0,False
2025-07-18,SELL,Valid,2025-07-18 08:00:00+09:00,3343.25,0.15,3318.25,3353.25,SL,2025-07-18 18:08:00+09:00,3353.25,-10.0,11.329999999999927,2025-07-18 15:05:00+09:00,18.139999999999873,2025-07-18 21:53:00+09:00,1200.0,False
2025-07-21,BUY,Valid,2025-07-21 08:00:00+09:00,3347.82,0.15,3372.82,3337.82,TP,2025-07-21 20:28:00+09:00,3372.82,25.0,53.76999999999998,2025-07-21 23:41:00+09:00,2.3700000000003456,2025-07-21 08:17:00+09:00,1200.0,False
2025-07-21,SELL,Valid,2025-07-21 08:00:00+09:00,3347.67,0.15,3322.67,3357.67,SL,2025-07-21 10:09:00+09:00,3357.67,-10.0,2.0700000000001637,2025-07-21 08:17:00+09:00,54.01999999999998,2025-07-21 23:41:00+09:00,1200.0,False
2025-07-22,BUY,Valid,2025-07-22 08:00:00+09:00,3399.69,0.15,3424.69,3389.69,SL,2025-07-22 10:38:00+09:00,3389.69,-10.0,33.840000000000146,2025-07-23 02:04:00+09:00,16.429999999999836,2025-07-22 16:31:00+09:00,1200.0,False
2025-07-22,SELL,Valid,2025-07-22 08:00:00+09:00,3399.54,0.15,3374.54,3409.54,SL,2025-07-22 22:03:00+09:00,3409.54,-10.0,16.129999999999654,2025-07-22 16:31:00+09:00,34.11000000000013,2025-07-23 02:04:00+09:00,1200.0,False
2025-07-23,BUY,Valid,2025-07-23 08:00:00+09:00,3428.05,0.17,3453.05,3418.05,SL,2025-07-23 14:43:00+09:00,3418.05,-10.0,10.7199999999998,2025-07-23 09:24:00+09:00,46.5300000000002,2025-07-24 01:21:00+09:00,1198.0,False
2025-07-23,SELL,Valid,2025-07-23 08:00:00+09:00,3427.88,0.17,3402.88,3437.88,SL,2025-07-23 09:24:00+09:00,3437.88,-10.0,46.190000000000055,2025-07-24 01:21:00+09:00,10.940000000000055,2025-07-23 09:24:00+09:00,1198.0,False
2025-07-24,BUY,Valid,2025-07-24 08:00:00+09:00,3386.87,0.16,3411.87,3376.87,SL,2025-07-24 12:08:00+09:00,3376.87,-10.0,6.480000000000018,2025-07-24 10:04:00+09:00,35.48000000000002,2025-07-24 22:00:00+09:00,1199.0,False
2025-07-24,SELL,Valid,2025-07-24 08:00:00+09:00,3386.71,0.16,3361.71,3396.71,TP,2025-07-24 20:30:00+09:00,3361.71,25.0,35.26999999999998,2025-07-24 22:00:00+09:00,6.789999999999964,2025-07-24 10:04:00+09:00,1199.0,False
2025-07-25,BUY,Valid,2025-07-25 08:00:00+09:00,3368.97,0.16,3393.97,3358.97,SL,2025-07-25 12:59:00+09:00,3358.97,-10.0,4.580000000000382,2025-07-25 09:47:00+09:00,43.88999999999987,2025-07-26 00:44:00+09:00,1200.0,False
2025-07-25,SELL,Valid,2025-07-25 08:00:00+09:00,3368.81,0.16,3343.81,3378.81,TP,2025-07-25 18:10:00+09:00,3343.81,25.0,43.57999999999993,2025-07-26 00:44:00+09:00,4.910000000000309,2025-07-25 09:47:00+09:00,1200.0,False
2025-07-28,BUY,Valid,2025-07-28 08:00:00+09:00,3329.71,0.11,3354.71,3319.71,SL,2025-07-28 22:46:00+09:00,3319.71,-10.0,15.489999999999782,2025-07-28 15:01:00+09:00,27.909999999999854,2025-07-28 23:00:00+09:00,1200.0,False
2025-07-28,SELL,Valid,2025-07-28 08:00:00+09:00,3329.6,0.11,3304.6,3339.6,SL,2025-07-28 12:45:00+09:00,3339.6,-10.0,27.669999999999618,2025-07-28 23:00:00+09:00,15.650000000000091,2025-07-28 15:01:00+09:00,1200.0,False
2025-07-29,BUY,Valid,2025-07-29 08:00:00+09:00,3314.6099999999997,0.16,3339.6099999999997,3304.6099999999997,CLOSE_04_PROFIT,2025-07-30 04:00:00+09:00,3325.88,11.270000000000437,19.5300000000002,2025-07-30 00:07:00+09:00,6.669999999999618,2025-07-29 09:41:00+09:00,1200.0,False
2025-07-29,SELL,Valid,2025-07-29 08:00:00+09:00,3314.45,0.16,3289.45,3324.45,SL,2025-07-29 17:07:00+09:00,3324.45,-10.0,6.359999999999673,2025-07-29 09:41:00+09:00,19.840000000000146,2025-07-30 00:07:00+09:00,1200.0,False
2025-07-30,BUY,Valid,2025-07-30 08:00:00+09:00,3328.0,0.15,3353.0,3318.0,SL,2025-07-30 21:50:00+09:00,3318.0,-10.0,6.050000000000182,2025-07-30 18:58:00+09:00,48.309999999999945,2025-07-31 03:53:00+09:00,1200.0,False
2025-07-30,SELL,Valid,2025-07-30 08:00:00+09:00,3327.85,0.15,3302.85,3337.85,TP,2025-07-30 22:31:00+09:00,3302.85,25.0,48.00999999999976,2025-07-31 03:53:00+09:00,6.350000000000364,2025-07-30 18:58:00+09:00,1200.0,False
2025-07-31,BUY,Valid,2025-07-31 08:00:00+09:00,3279.04,0.07,3304.04,3269.04,TP,2025-07-31 15:34:00+09:00,3304.04,25.0,35.76999999999998,2025-07-31 17:23:00+09:00,1.1599999999998545,2025-07-31 08:00:00+09:00,1200.0,False
2025-07-31,SELL,Valid,2025-07-31 08:00:00+09:00,3278.97,0.07,3253.97,3288.97,SL,2025-07-31 10:09:00+09:00,3288.97,-10.0,1.019999999999527,2025-07-31 08:00:00+09:00,35.99000000000024,2025-07-31 17:23:00+09:00,1200.0,False
2025-08-01,BUY,Valid,2025-08-01 08:00:00+09:00,3295.1600000000003,0.15,3320.1600000000003,3285.1600000000003,SL,2025-08-01 10:51:00+09:00,3285.1600000000003,-10.0,59.909999999999854,2025-08-01 23:24:00+09:00,13.570000000000164,2025-08-01 10:57:00+09:00,1200.0,False
2025-08-01,SELL,Valid,2025-08-01 08:00:00+09:00,3295.01,0.15,3270.01,3305.01,SL,2025-08-01 21:30:00+09:00,3305.01,-10.0,13.260000000000218,2025-08-01 10:57:00+09:00,60.17000000000007,2025-08-01 23:24:00+09:00,1200.0,False
2025-08-04,BUY,Valid,2025-08-04 08:00:00+09:00,3359.27,0.16,3384.27,3349.27,SL,2025-08-04 10:20:00+09:00,3349.27,-10.0,26.09999999999991,2025-08-04 22:55:00+09:00,14.199999999999818,2025-08-04 10:25:00+09:00,1200.0,False
2025-08-04,SELL,Valid,2025-08-04 08:00:00+09:00,3359.11,0.16,3334.11,3369.11,SL,2025-08-04 20:51:00+09:00,3369.11,-10.0,13.889999999999873,2025-08-04 10:25:00+09:00,26.419999999999618,2025-08-04 22:55:00+09:00,1200.0,False
2025-08-05,BUY,Valid,2025-08-05 08:00:00+09:00,3374.89,0.15,3399.89,3364.89,SL,2025-08-05 18:00:00+09:00,3364.89,-10.0,15.490000000000236,2025-08-06 01:03:00+09:00,24.90000000000009,2025-08-05 20:39:00+09:00,1200.0,False
2025-08-05,SELL,Valid,2025-08-05 08:00:00+09:00,3374.74,0.15,3349.74,3384.74,SL,2025-08-05 23:51:00+09:00,3384.74,-10.0,24.690000000000055,2025-08-05 20:39:00+09:00,15.820000000000164,2025-08-06 01:03:00+09:00,1200.0,False
2025-08-06,BUY,Valid,2025-08-06 08:00:00+09:00,3379.7799999999997,0.16,3404.7799999999997,3369.7799999999997,SL,2025-08-06 16:23:00+09:00,3369.7799999999997,-10.0,5.8400000000001455,2025-08-06 09:32:00+09:00,21.539999999999964,2025-08-06 18:51:00+09:00,1200.0,False
2025-08-06,SELL,Valid,2025-08-06 08:00:00+09:00,3379.62,0.16,3354.62,3389.62,CLOSE_04_PROFIT,2025-08-07 04:00:00+09:00,3372.03,7.589999999999691,21.220000000000255,2025-08-06 18:51:00+09:00,6.050000000000182,2025-08-06 09:32:00+09:00,1200.0,False
2025-08-07,BUY,Valid,2025-08-07 08:00:00+09:00,3372.2000000000003,0.17,3397.2000000000003,3362.2000000000003,TP,2025-08-07 16:51:00+09:00,3397.2000000000003,25.0,25.23999999999978,2025-08-07 16:51:00+09:00,6.900000000000091,2025-08-07 09:04:00+09:00,1200.0,False
2025-08-07,SELL,Valid,2025-08-07 08:00:00+09:00,3372.03,0.17,3347.03,3382.03,SL,2025-08-07 10:44:00+09:00,3382.03,-10.0,6.639999999999873,2025-08-07 09:04:00+09:00,25.579999999999927,2025-08-07 16:51:00+09:00,1200.0,False
2025-08-08,BUY,Valid,2025-08-08 08:00:00+09:00,3404.03,0.17,3429.03,3394.03,SL,2025-08-08 09:19:00+09:00,3394.03,-10.0,2.799999999999727,2025-08-08 08:01:00+09:00,27.41000000000031,2025-08-09 03:00:00+09:00,1200.0,False
2025-08-08,SELL,Valid,2025-08-08 08:00:00+09:00,3403.86,0.17,3378.86,3413.86,TP,2025-08-09 03:00:00+09:00,3378.86,25.0,27.190000000000055,2025-08-09 03:00:00+09:00,3.1399999999998727,2025-08-08 08:01:00+09:00,1200.0,False
2025-08-11,BUY,Valid,2025-08-11 08:00:00+09:00,3395.4700000000003,0.17,3420.4700000000003,3385.4700000000003,SL,2025-08-11 09:37:00+09:00,3385.4700000000003,-10.0,1.4399999999995998,2025-08-11 08:10:00+09:00,54.070000000000164,2025-08-12 02:32:00+09:00,1200.0,False
2025-08-11,SELL,Valid,2025-08-11 08:00:00+09:00,3395.3,0.17,3370.3,3405.3,TP,2025-08-11 10:08:00+09:00,3370.3,25.0,53.84999999999991,2025-08-12 02:32:00+09:00,1.7799999999997453,2025-08-11 08:10:00+09:00,1200.0,False
2025-08-12,BUY,Valid,2025-08-12 08:00:00+09:00,3347.09,0.17,3372.09,3337.09,SL,2025-08-12 20:36:00+09:00,3337.09,-10.0,11.940000000000055,2025-08-13 00:29:00+09:00,15.960000000000036,2025-08-12 23:19:00+09:00,1200.0,False
2025-08-12,SELL,Valid,2025-08-12 08:00:00+09:00,3346.92,0.17,3321.92,3356.92,SL,2025-08-12 10:10:00+09:00,3356.92,-10.0,15.7199999999998,2025-08-12 23:19:00+09:00,12.190000000000055,2025-08-13 00:29:00+09:00,1200.0,False
2025-08-13,BUY,Valid,2025-08-13 08:00:00+09:00,3350.62,0.17,3375.62,3340.62,CLOSE_04_PROFIT,2025-08-14 04:00:00+09:00,3353.71,3.0900000000001455,20.140000000000327,2025-08-13 23:09:00+09:00,7.900000000000091,2025-08-13 09:53:00+09:00,1200.0,False
2025-08-13,SELL,Valid,2025-08-13 08:00:00+09:00,3350.45,0.17,3325.45,3360.45,SL,2025-08-13 16:25:00+09:00,3360.45,-10.0,7.559999999999945,2025-08-13 09:53:00+09:00,20.420000000000528,2025-08-13 23:09:00+09:00,1200.0,False
2025-08-14,BUY,Valid,2025-08-14 08:00:00+09:00,3357.6400000000003,0.05,3382.6400000000003,3347.6400000000003,SL,2025-08-14 16:52:00+09:00,3347.6400000000003,-10.0,17.169999999999618,2025-08-14 09:32:00+09:00,27.79000000000042,2025-08-15 01:17:00+09:00,1200.0,False
2025-08-14,SELL,Valid,2025-08-14 08:00:00+09:00,3357.59,0.05,3332.59,3367.59,SL,2025-08-14 09:06:00+09:00,3367.59,-10.0,27.65000000000009,2025-08-15 01:16:00+09:00,17.389999999999873,2025-08-14 09:32:00+09:00,1200.0,False
2025-08-15,BUY,Valid,2025-08-15 08:00:00+09:00,3333.5,0.18,3358.5,3323.5,CLOSE_04_PROFIT,2025-08-16 04:00:00+09:00,3335.98,2.480000000000018,15.170000000000073,2025-08-15 14:06:00+09:00,1.300000000000182,2025-08-15 08:07:00+09:00,1200.0,False
2025-08-15,SELL,Valid,2025-08-15 08:00:00+09:00,3333.32,0.18,3308.32,3343.32,SL,2025-08-15 12:32:00+09:00,3343.32,-10.0,0.9400000000005093,2025-08-15 08:07:00+09:00,15.529999999999745,2025-08-15 14:06:00+09:00,1200.0,False
2025-08-18,BUY,Valid,2025-08-18 08:00:00+09:00,3334.47,0.18,3359.47,3324.47,SL,2025-08-18 08:17:00+09:00,3324.47,-10.0,23.920000000000073,2025-08-18 14:01:00+09:00,10.849999999999909,2025-08-18 08:21:00+09:00,1200.0,False
2025-08-18,SELL,Valid,2025-08-18 08:00:00+09:00,3334.29,0.18,3309.29,3344.29,SL,2025-08-18 10:39:00+09:00,3344.29,-10.0,10.509999999999764,2025-08-18 08:20:00+09:00,24.269999999999982,2025-08-18 14:01:00+09:00,1200.0,False
2025-08-19,BUY,Valid,2025-08-19 08:00:00+09:00,3334.6499999999996,0.18,3359.6499999999996,3324.6499999999996,SL,2025-08-19 23:47:00+09:00,3324.6499999999996,-10.0,10.640000000000327,2025-08-19 19:24:00+09:00,19.759999999999764,2025-08-20 02:29:00+09:00,1200.0,False
2025-08-19,SELL,Valid,2025-08-19 08:00:00+09:00,3334.47,0.18,3309.47,3344.47,SL,2025-08-19 19:16:00+09:00,3344.47,-10.0,19.409999999999854,2025-08-20 02:29:00+09:00,10.990000000000236,2025-08-19 19:24:00+09:00,1200.0,False
2025-08-20,BUY,Valid,2025-08-20 08:00:00+09:00,3316.9700000000003,0.17,3341.9700000000003,3306.9700000000003,TP,2025-08-20 21:50:00+09:00,3341.9700000000003,25.0,33.2199999999998,2025-08-20 23:49:00+09:00,5.420000000000073,2025-08-20 10:29:00+09:00,1200.0,False
2025-08-20,SELL,Valid,2025-08-20 08:00:00+09:00,3316.8,0.17,3291.8,3326.8,SL,2025-08-20 16:18:00+09:00,3326.8,-10.0,5.079999999999927,2025-08-20 10:29:00+09:00,33.559999999999945,2025-08-20 23:49:00+09:00,1200.0,False
2025-08-21,BUY,Valid,2025-08-21 08:00:00+09:00,3349.7400000000002,0.17,3374.7400000000002,3339.7400000000002,SL,2025-08-21 12:54:00+09:00,3339.7400000000002,-10.0,-0.15000000000009095,2025-08-21 08:00:00+09:00,24.570000000000164,2025-08-21 20:03:00+09:00,1200.0,False
2025-08-21,SELL,Valid,2025-08-21 08:00:00+09:00,3349.57,0.17,3324.57,3359.57,CLOSE_04_PROFIT,2025-08-22 04:00:00+09:00,3339.4900000000002,10.079999999999927,24.230000000000018,2025-08-21 20:03:00+09:00,0.19000000000005457,2025-08-21 08:00:00+09:00,1200.0,False
2025-08-22,BUY,Valid,2025-08-22 08:00:00+09:00,3339.23,0.17,3364.23,3329.23,SL,2025-08-22 13:30:00+09:00,3329.23,-10.0,39.559999999999945,2025-08-23 00:31:00+09:00,17.789999999999964,2025-08-22 21:33:00+09:00,1200.0,False
2025-08-22,SELL,Valid,2025-08-22 08:00:00+09:00,3339.06,0.17,3314.06,3349.06,SL,2025-08-22 23:01:00+09:00,3349.06,-10.0,17.449999999999818,2025-08-22 21:33:00+09:00,39.90000000000009,2025-08-23 00:31:00+09:00,1200.0,False
2025-08-25,BUY,Valid,2025-08-25 08:00:00+09:00,3367.4,0.17,3392.4,3357.4,CLOSE_04_PROFIT,2025-08-26 04:00:00+09:00,3370.52,3.119999999999891,8.819999999999709,2025-08-26 00:23:00+09:00,7.5900000000001455,2025-08-25 11:11:00+09:00,1200.0,False
2025-08-25,SELL,Valid,2025-08-25 08:00:00+09:00,3367.23,0.17,3342.23,3377.23,CLOSE_04_LOSS,2025-08-26 04:00:00+09:00,3370.7,-3.4699999999998,7.349999999999909,2025-08-25 11:11:00+09:00,9.169999999999618,2025-08-26 00:23:00+09:00,1200.0,False
2025-08-26,BUY,Valid,2025-08-26 08:00:00+09:00,3364.37,0.15,3389.37,3354.37,SL,2025-08-26 08:21:00+09:00,3354.37,-10.0,25.019999999999982,2025-08-27 00:56:00+09:00,13.079999999999927,2025-08-26 09:02:00+09:00,1199.0,False
2025-08-26,SELL,Valid,2025-08-26 08:00:00+09:00,3364.22,0.15,3339.22,3374.22,SL,2025-08-26 09:16:00+09:00,3374.22,-10.0,12.759999999999764,2025-08-26 09:02:00+09:00,25.269999999999982,2025-08-27 00:56:00+09:00,1199.0,False
2025-08-27,BUY,Valid,2025-08-27 08:00:00+09:00,3391.33,0.18,3416.33,3381.33,SL,2025-08-27 12:33:00+09:00,3381.33,-10.0,7.480000000000018,2025-08-28 01:49:00+09:00,17.519999999999982,2025-08-27 16:15:00+09:00,1200.0,False
2025-08-27,SELL,Valid,2025-08-27 08:00:00+09:00,3391.15,0.18,3366.15,3401.15,CLOSE_04_LOSS,2025-08-28 04:00:00+09:00,3394.6800000000003,-3.5300000000002,17.16000000000031,2025-08-27 16:15:00+09:00,7.819999999999709,2025-08-28 01:49:00+09:00,1200.0,False
2025-08-28,BUY,Valid,2025-08-28 08:00:00+09:00,3395.92,0.15,3420.92,3385.92,SL,2025-08-28 10:44:00+09:00,3385.92,-10.0,24.329999999999927,2025-08-29 03:56:00+09:00,11.320000000000164,2025-08-28 11:36:00+09:00,1200.0,False
2025-08-28,SELL,Valid,2025-08-28 08:00:00+09:00,3395.77,0.15,3370.77,3405.77,SL,2025-08-28 20:32:00+09:00,3405.77,-10.0,11.019999999999982,2025-08-28 11:36:00+09:00,24.63000000000011,2025-08-29 03:56:00+09:00,1200.0,False
2025-08-29,BUY,Valid,2025-08-29 08:00:00+09:00,3416.9700000000003,0.15,3441.9700000000003,3406.9700000000003,SL,2025-08-29 16:27:00+09:00,3406.9700000000003,-10.0,33.13999999999987,2025-08-30 02:21:00+09:00,12.610000000000127,2025-08-29 20:11:00+09:00,1200.0,False
2025-08-29,SELL,Valid,2025-08-29 08:00:00+09:00,3416.82,0.15,3391.82,3426.82,SL,2025-08-29 22:51:00+09:00,3426.82,-10.0,12.309999999999945,2025-08-29 20:11:00+09:00,33.460000000000036,2025-08-30 02:21:00+09:00,1200.0,False
2025-09-01,BUY,Candle 04:00 tidak tersedia,,,,,,DATA_UNAVAILABLE,,,,,,,,,
2025-09-01,SELL,Candle 04:00 tidak tersedia,,,,,,DATA_UNAVAILABLE,,,,,,,,,
2025-09-02,BUY,Valid,2025-09-02 08:00:00+09:00,3475.54,0.16,3500.54,3465.54,TP,2025-09-02 10:43:00+09:00,3500.54,25.0,56.539999999999964,2025-09-03 03:38:00+09:00,5.199999999999818,2025-09-02 17:05:00+09:00,1200.0,False
2025-09-02,SELL,Valid,2025-09-02 08:00:00+09:00,3475.38,0.16,3450.38,3485.38,SL,2025-09-02 10:12:00+09:00,3485.38,-10.0,4.889999999999873,2025-09-02 17:05:00+09:00,56.75,2025-09-03 03:38:00+09:00,1200.0,False
2025-09-03,BUY,Valid,2025-09-03 08:00:00+09:00,3529.6,0.15,3554.6,3519.6,TP,2025-09-03 22:02:00+09:00,3554.6,25.0,48.86000000000013,2025-09-04 03:13:00+09:00,3.299999999999727,2025-09-03 08:44:00+09:00,1200.0,False
2025-09-03,SELL,Valid,2025-09-03 08:00:00+09:00,3529.45,0.15,3504.45,3539.45,SL,2025-09-03 09:23:00+09:00,3539.45,-10.0,2.9999999999995453,2025-09-03 08:44:00+09:00,49.17000000000007,2025-09-04 03:13:00+09:00,1200.0,False
2025-09-04,BUY,Valid,2025-09-04 08:00:00+09:00,3561.9100000000003,0.15,3586.9100000000003,3551.9100000000003,SL,2025-09-04 10:27:00+09:00,3551.9100000000003,-10.0,1.5599999999994907,2025-09-04 10:00:00+09:00,50.46000000000049,2025-09-04 12:14:00+09:00,1200.0,False
2025-09-04,SELL,Valid,2025-09-04 08:00:00+09:00,3561.76,0.15,3536.76,3571.76,TP,2025-09-04 11:45:00+09:00,3536.76,25.0,50.26000000000022,2025-09-04 12:14:00+09:00,1.8599999999996726,2025-09-04 10:00:00+09:00,1200.0,False
2025-09-05,BUY,Valid,2025-09-05 08:00:00+09:00,3540.98,0.16,3565.98,3530.98,TP,2025-09-05 21:30:00+09:00,3565.98,25.0,59.01999999999998,2025-09-06 01:25:00+09:00,0.2199999999997999,2025-09-05 08:00:00+09:00,1200.0,False
2025-09-05,SELL,Valid,2025-09-05 08:00:00+09:00,3540.82,0.16,3515.82,3550.82,SL,2025-09-05 08:39:00+09:00,3550.82,-10.0,-0.09999999999990905,2025-09-05 08:00:00+09:00,59.30999999999949,2025-09-06 01:30:00+09:00,1200.0,False
2025-09-08,BUY,Valid,2025-09-08 08:00:00+09:00,3592.35,0.15,3617.35,3582.35,SL,2025-09-08 13:01:00+09:00,3582.35,-10.0,54.0,2025-09-09 00:14:00+09:00,12.710000000000036,2025-09-08 13:03:00+09:00,1200.0,False
2025-09-08,SELL,Valid,2025-09-08 08:00:00+09:00,3592.2,0.15,3567.2,3602.2,SL,2025-09-08 16:10:00+09:00,3602.2,-10.0,12.409999999999854,2025-09-08 13:03:00+09:00,54.30000000000018,2025-09-09 00:14:00+09:00,1200.0,False
2025-09-09,BUY,Valid,2025-09-09 08:00:00+09:00,3629.79,0.15,3654.79,3619.79,TP,2025-09-09 13:41:00+09:00,3654.79,25.0,44.32999999999993,2025-09-09 23:01:00+09:00,2.880000000000109,2025-09-10 00:18:00+09:00,1200.0,False
2025-09-09,SELL,Valid,2025-09-09 08:00:00+09:00,3629.64,0.15,3604.64,3639.64,SL,2025-09-09 09:22:00+09:00,3639.64,-10.0,2.5700000000001637,2025-09-10 00:18:00+09:00,44.5300000000002,2025-09-09 23:01:00+09:00,1200.0,False
2025-09-10,BUY,Valid,2025-09-10 08:00:00+09:00,3635.62,0.13,3660.62,3625.62,SL,2025-09-10 09:38:00+09:00,3625.62,-10.0,21.950000000000273,2025-09-10 21:30:00+09:00,15.329999999999927,2025-09-10 10:29:00+09:00,1200.0,False
2025-09-10,SELL,Valid,2025-09-10 08:00:00+09:00,3635.49,0.13,3610.49,3645.49,SL,2025-09-10 14:31:00+09:00,3645.49,-10.0,15.049999999999727,2025-09-10 10:29:00+09:00,22.16000000000031,2025-09-10 21:30:00+09:00,1200.0,False
2025-09-11,BUY,Valid,2025-09-11 08:00:00+09:00,3640.17,0.15,3665.17,3630.17,SL,2025-09-11 12:45:00+09:00,3630.17,-10.0,8.920000000000073,2025-09-11 10:30:00+09:00,26.659999999999854,2025-09-11 21:30:00+09:00,1200.0,False
2025-09-11,SELL,Valid,2025-09-11 08:00:00+09:00,3640.02,0.15,3615.02,3650.02,TP,2025-09-11 18:16:00+09:00,3615.02,25.0,26.409999999999854,2025-09-11 21:30:00+09:00,9.220000000000255,2025-09-11 10:30:00+09:00,1200.0,False
2025-09-12,BUY,Valid,2025-09-12 08:00:00+09:00,3634.9900000000002,0.15,3659.9900000000002,3624.9900000000002,CLOSE_04_PROFIT,2025-09-13 04:00:00+09:00,3648.41,13.419999999999618,21.639999999999873,2025-09-12 14:18:00+09:00,4.400000000000091,2025-09-12 09:30:00+09:00,1200.0,False
2025-09-12,SELL,Valid,2025-09-12 08:00:00+09:00,3634.84,0.15,3609.84,3644.84,SL,2025-09-12 10:31:00+09:00,3644.84,-10.0,4.150000000000091,2025-09-12 09:30:00+09:00,21.929999999999836,2025-09-12 14:18:00+09:00,1200.0,False
2025-09-15,BUY,Valid,2025-09-15 08:00:00+09:00,3642.19,0.15,3667.19,3632.19,SL,2025-09-15 09:54:00+09:00,3632.19,-10.0,43.309999999999945,2025-09-16 01:34:00+09:00,15.5,2025-09-15 10:12:00+09:00,1200.0,False
2025-09-15,SELL,Valid,2025-09-15 08:00:00+09:00,3642.04,0.15,3617.04,3652.04,SL,2025-09-15 22:20:00+09:00,3652.04,-10.0,15.199999999999818,2025-09-15 10:12:00+09:00,43.61000000000013,2025-09-16 01:34:00+09:00,1200.0,False
2025-09-16,BUY,Valid,2025-09-16 08:00:00+09:00,3678.9500000000003,0.15,3703.9500000000003,3668.9500000000003,CLOSE_04_PROFIT,2025-09-17 04:00:00+09:00,3690.66,11.709999999999582,24.109999999999673,2025-09-16 23:18:00+09:00,4.270000000000437,2025-09-16 11:46:00+09:00,1200.0,False
2025-09-16,SELL,Valid,2025-09-16 08:00:00+09:00,3678.8,0.15,3653.8,3688.8,SL,2025-09-16 10:00:00+09:00,3688.8,-10.0,3.9700000000002547,2025-09-16 11:46:00+09:00,24.419999999999618,2025-09-16 23:18:00+09:00,1200.0,False
2025-09-17,BUY,Valid,2025-09-17 08:00:00+09:00,3692.05,0.15,3717.05,3682.05,SL,2025-09-17 10:32:00+09:00,3682.05,-10.0,15.36999999999989,2025-09-18 03:09:00+09:00,45.840000000000146,2025-09-18 03:57:00+09:00,1200.0,False
2025-09-17,SELL,Valid,2025-09-17 08:00:00+09:00,3691.9,0.15,3666.9,3701.9,TP,2025-09-17 16:29:00+09:00,3666.9,25.0,45.63000000000011,2025-09-18 03:52:00+09:00,15.659999999999854,2025-09-18 03:09:00+09:00,1200.0,False
2025-09-18,BUY,Valid,2025-09-18 08:00:00+09:00,3663.1600000000003,0.15,3688.1600000000003,3653.1600000000003,SL,2025-09-18 10:31:00+09:00,3653.1600000000003,-10.0,9.739999999999782,2025-09-18 18:31:00+09:00,35.38000000000011,2025-09-18 22:45:00+09:00,1200.0,False
2025-09-18,SELL,Valid,2025-09-18 08:00:00+09:00,3663.01,0.15,3638.01,3673.01,TP,2025-09-18 15:10:00+09:00,3638.01,25.0,35.179999999999836,2025-09-18 22:45:00+09:00,10.039999999999964,2025-09-18 18:31:00+09:00,1200.0,False
2025-09-19,BUY,Valid,2025-09-19 08:00:00+09:00,3640.51,0.15,3665.51,3630.51,TP,2025-09-19 23:39:00+09:00,3665.51,25.0,43.59999999999991,2025-09-20 03:58:00+09:00,8.350000000000364,2025-09-19 10:51:00+09:00,1200.0,False
2025-09-19,SELL,Valid,2025-09-19 08:00:00+09:00,3640.36,0.15,3615.36,3650.36,SL,2025-09-19 10:08:00+09:00,3650.36,-10.0,8.0600000000004,2025-09-19 10:51:00+09:00,43.90000000000009,2025-09-20 03:58:00+09:00,1200.0,False
2025-09-22,BUY,Valid,2025-09-22 08:00:00+09:00,3688.45,0.16,3713.45,3678.45,TP,2025-09-22 15:38:00+09:00,3713.45,25.0,59.58000000000038,2025-09-23 03:58:00+09:00,2.9099999999998545,2025-09-22 11:46:00+09:00,1161.0,False
2025-09-22,SELL,Valid,2025-09-22 08:00:00+09:00,3688.29,0.16,3663.29,3698.29,SL,2025-09-22 14:33:00+09:00,3698.29,-10.0,2.599999999999909,2025-09-22 11:46:00+09:00,59.80000000000018,2025-09-23 03:58:00+09:00,1161.0,False
2025-09-23,BUY,Valid,2025-09-23 08:00:00+09:00,3740.23,0.15,3765.23,3730.23,TP,2025-09-23 17:33:00+09:00,3765.23,25.0,50.94999999999982,2025-09-23 18:24:00+09:00,3.2100000000000364,2025-09-23 11:56:00+09:00,1200.0,False
2025-09-23,SELL,Valid,2025-09-23 08:00:00+09:00,3740.08,0.15,3715.08,3750.08,SL,2025-09-23 09:45:00+09:00,3750.08,-10.0,2.9600000000000364,2025-09-23 11:56:00+09:00,51.2199999999998,2025-09-23 18:24:00+09:00,1200.0,False
2025-09-24,BUY,Valid,2025-09-24 08:00:00+09:00,3765.64,0.15,3790.64,3755.64,SL,2025-09-24 10:50:00+09:00,3755.64,-10.0,13.570000000000164,2025-09-24 16:42:00+09:00,42.98000000000002,2025-09-25 03:58:00+09:00,1200.0,False
2025-09-24,SELL,Valid,2025-09-24 08:00:00+09:00,3765.49,0.15,3740.49,3775.49,SL,2025-09-24 14:37:00+09:00,3775.49,-10.0,42.659999999999854,2025-09-25 03:58:00+09:00,13.88000000000011,2025-09-24 16:42:00+09:00,1200.0,False
2025-09-25,BUY,Valid,2025-09-25 08:00:00+09:00,3741.26,0.15,3766.26,3731.26,SL,2025-09-25 11:05:00+09:00,3731.26,-10.0,20.359999999999673,2025-09-25 17:18:00+09:00,19.29000000000042,2025-09-25 22:47:00+09:00,1200.0,False
2025-09-25,SELL,Valid,2025-09-25 08:00:00+09:00,3741.11,0.15,3716.11,3751.11,SL,2025-09-25 09:15:00+09:00,3751.11,-10.0,18.990000000000236,2025-09-25 22:47:00+09:00,20.659999999999854,2025-09-25 17:18:00+09:00,1200.0,False
2025-09-26,BUY,Valid,2025-09-26 08:00:00+09:00,3748.97,0.14,3773.97,3738.97,SL,2025-09-26 08:19:00+09:00,3738.97,-10.0,34.83000000000038,2025-09-26 23:26:00+09:00,14.419999999999618,2025-09-26 12:15:00+09:00,1200.0,False
2025-09-26,SELL,Valid,2025-09-26 08:00:00+09:00,3748.83,0.14,3723.83,3758.83,SL,2025-09-26 22:08:00+09:00,3758.83,-10.0,14.139999999999873,2025-09-26 12:15:00+09:00,35.120000000000346,2025-09-26 23:26:00+09:00,1200.0,False
2025-09-29,BUY,Valid,2025-09-29 08:00:00+09:00,3770.65,0.15,3795.65,3760.65,TP,2025-09-29 11:21:00+09:00,3795.65,25.0,62.83999999999969,2025-09-30 01:16:00+09:00,6.680000000000291,2025-09-29 09:02:00+09:00,1200.0,False
2025-09-29,SELL,Valid,2025-09-29 08:00:00+09:00,3770.5,0.15,3745.5,3780.5,SL,2025-09-29 09:32:00+09:00,3780.5,-10.0,6.370000000000346,2025-09-29 09:02:00+09:00,63.13999999999987,2025-09-30 01:16:00+09:00,1200.0,False
2025-09-30,BUY,Valid,2025-09-30 08:00:00+09:00,3830.69,0.15,3855.69,3820.69,TP,2025-09-30 12:18:00+09:00,3855.69,25.0,40.9699999999998,2025-09-30 15:10:00+09:00,37.48000000000002,2025-09-30 18:47:00+09:00,1200.0,False
2025-09-30,SELL,Valid,2025-09-30 08:00:00+09:00,3830.54,0.15,3805.54,3840.54,SL,2025-09-30 10:00:00+09:00,3840.54,-10.0,37.179999999999836,2025-09-30 18:47:00+09:00,41.25999999999976,2025-09-30 15:10:00+09:00,1200.0,False
2025-10-01,BUY,Valid,2025-10-01 08:00:00+09:00,3860.46,0.15,3885.46,3850.46,TP,2025-10-01 17:11:00+09:00,3885.46,25.0,34.88000000000011,2025-10-01 17:20:00+09:00,7.110000000000127,2025-10-01 15:21:00+09:00,1200.0,False
2025-10-01,SELL,Valid,2025-10-01 08:00:00+09:00,3860.31,0.15,3835.31,3870.31,SL,2025-10-01 11:02:00+09:00,3870.31,-10.0,6.889999999999873,2025-10-01 15:21:00+09:00,35.100000000000364,2025-10-01 17:20:00+09:00,1200.0,False
2025-10-02,BUY,Valid,2025-10-02 08:00:00+09:00,3862.31,0.15,3887.31,3852.31,TP,2025-10-02 21:03:00+09:00,3887.31,25.0,34.51000000000022,2025-10-02 22:31:00+09:00,43.029999999999745,2025-10-03 00:38:00+09:00,1200.0,False
2025-10-02,SELL,Valid,2025-10-02 08:00:00+09:00,3862.16,0.15,3837.16,3872.16,SL,2025-10-02 15:15:00+09:00,3872.16,-10.0,42.72999999999956,2025-10-03 00:38:00+09:00,34.80000000000018,2025-10-02 22:31:00+09:00,1200.0,False
2025-10-03,BUY,Valid,2025-10-03 08:00:00+09:00,3857.2400000000002,0.15,3882.2400000000002,3847.2400000000002,SL,2025-10-03 12:11:00+09:00,3847.2400000000002,-10.0,34.36999999999989,2025-10-04 00:57:00+09:00,19.13000000000011,2025-10-03 12:34:00+09:00,1200.0,False
2025-10-03,SELL,Valid,2025-10-03 08:00:00+09:00,3857.09,0.15,3832.09,3867.09,SL,2025-10-03 19:41:00+09:00,3867.09,-10.0,18.929999999999836,2025-10-03 12:34:00+09:00,34.67000000000007,2025-10-04 00:57:00+09:00,1200.0,False
2025-10-06,BUY,Valid,2025-10-06 08:00:00+09:00,3900.16,0.18,3925.16,3890.16,TP,2025-10-06 12:11:00+09:00,3925.16,25.0,69.66000000000031,2025-10-07 01:08:00+09:00,1.5799999999999272,2025-10-06 08:00:00+09:00,1200.0,False
2025-10-06,SELL,Valid,2025-10-06 08:00:00+09:00,3899.98,0.18,3874.98,3909.98,SL,2025-10-06 08:03:00+09:00,3909.98,-10.0,1.2200000000002547,2025-10-06 08:00:00+09:00,69.99000000000024,2025-10-07 01:08:00+09:00,1200.0,False
2025-10-07,BUY,Valid,2025-10-07 08:00:00+09:00,3963.52,0.15,3988.52,3953.52,SL,2025-10-07 16:00:00+09:00,3953.52,-10.0,27.4699999999998,2025-10-08 00:21:00+09:00,22.559999999999945,2025-10-07 17:06:00+09:00,1200.0,False
2025-10-07,SELL,Valid,2025-10-07 08:00:00+09:00,3963.37,0.15,3938.37,3973.37,SL,2025-10-07 09:19:00+09:00,3973.37,-10.0,22.279999999999745,2025-10-07 17:06:00+09:00,27.75,2025-10-08 00:21:00+09:00,1200.0,False
2025-10-08,BUY,Valid,2025-10-08 08:00:00+09:00,3989.73,0.15,4014.73,3979.73,TP,2025-10-08 12:47:00+09:00,4014.73,25.0,69.51999999999998,2025-10-09 01:43:00+09:00,5.130000000000109,2025-10-08 10:09:00+09:00,1200.0,False
2025-10-08,SELL,Valid,2025-10-08 08:00:00+09:00,3989.58,0.15,3964.58,3999.58,SL,2025-10-08 10:55:00+09:00,3999.58,-10.0,4.820000000000164,2025-10-08 10:09:00+09:00,69.82000000000016,2025-10-09 01:43:00+09:00,1200.0,False
2025-10-09,BUY,Valid,2025-10-09 08:00:00+09:00,4021.5299999999997,0.12,4046.5299999999997,4011.5299999999997,SL,2025-10-09 08:44:00+09:00,4011.5299999999997,-10.0,36.40000000000009,2025-10-09 22:25:00+09:00,76.7199999999998,2025-10-10 02:16:00+09:00,1200.0,False
2025-10-09,SELL,Valid,2025-10-09 08:00:00+09:00,4021.41,0.12,3996.41,4031.41,SL,2025-10-09 10:27:00+09:00,4031.41,-10.0,76.48999999999978,2025-10-10 02:16:00+09:00,36.67000000000007,2025-10-09 22:25:00+09:00,1200.0,False
2025-10-10,BUY,Valid,2025-10-10 08:00:00+09:00,3975.55,0.15,4000.55,3965.55,SL,2025-10-10 12:26:00+09:00,3965.55,-10.0,46.73000000000002,2025-10-11 00:32:00+09:00,28.700000000000273,2025-10-10 13:14:00+09:00,1184.0,False
2025-10-10,SELL,Valid,2025-10-10 08:00:00+09:00,3975.4,0.15,3950.4,3985.4,SL,2025-10-10 08:25:00+09:00,3985.4,-10.0,28.420000000000073,2025-10-10 13:14:00+09:00,47.039999999999964,2025-10-11 00:32:00+09:00,1184.0,False
2025-10-13,BUY,Valid,2025-10-13 08:00:00+09:00,4042.3599999999997,0.16,4067.3599999999997,4032.3599999999997,SL,2025-10-13 08:55:00+09:00,4032.3599999999997,-10.0,74.65000000000055,2025-10-14 01:15:00+09:00,17.889999999999873,2025-10-13 09:22:00+09:00,1194.0,False
2025-10-13,SELL,Valid,2025-10-13 08:00:00+09:00,4042.2,0.16,4017.2,4052.2,SL,2025-10-13 08:06:00+09:00,4052.2,-10.0,17.679999999999836,2025-10-13 09:22:00+09:00,74.93000000000029,2025-10-14 01:15:00+09:00,1194.0,False
2025-10-14,BUY,Valid,2025-10-14 08:00:00+09:00,4114.75,0.16,4139.75,4104.75,TP,2025-10-14 10:12:00+09:00,4139.75,25.0,64.85000000000036,2025-10-14 14:17:00+09:00,24.110000000000127,2025-10-14 15:24:00+09:00,1200.0,False
2025-10-14,SELL,Valid,2025-10-14 08:00:00+09:00,4114.59,0.16,4089.59,4124.59,SL,2025-10-14 08:34:00+09:00,4124.59,-10.0,23.90000000000009,2025-10-14 15:24:00+09:00,65.18000000000029,2025-10-14 14:17:00+09:00,1200.0,False
2025-10-15,BUY,Valid,2025-10-15 08:00:00+09:00,4159.02,0.17,4184.02,4149.02,TP,2025-10-15 10:13:00+09:00,4184.02,25.0,59.099999999999454,2025-10-15 17:20:00+09:00,5.200000000000728,2025-10-15 09:29:00+09:00,1200.0,False
2025-10-15,SELL,Valid,2025-10-15 08:00:00+09:00,4158.85,0.17,4133.85,4168.85,SL,2025-10-15 09:12:00+09:00,4168.85,-10.0,4.920000000000982,2025-10-15 09:29:00+09:00,59.42999999999938,2025-10-15 17:20:00+09:00,1200.0,False
2025-10-16,BUY,Valid,2025-10-16 08:00:00+09:00,4213.22,0.16,4238.22,4203.22,TP,2025-10-16 11:56:00+09:00,4238.22,25.0,85.42999999999938,2025-10-17 02:37:00+09:00,9.570000000000618,2025-10-16 15:00:00+09:00,1200.0,False
2025-10-16,SELL,Valid,2025-10-16 08:00:00+09:00,4213.06,0.16,4188.06,4223.06,SL,2025-10-16 09:27:00+09:00,4223.06,-10.0,9.360000000000582,2025-10-16 15:00:00+09:00,85.75999999999931,2025-10-17 02:37:00+09:00,1200.0,False
2025-10-17,BUY,Valid,2025-10-17 08:00:00+09:00,4346.93,0.14,4371.93,4336.93,TP,2025-10-17 08:46:00+09:00,4371.93,25.0,32.17000000000007,2025-10-17 08:51:00+09:00,160.48000000000047,2025-10-18 02:04:00+09:00,1199.0,False
2025-10-17,SELL,Valid,2025-10-17 08:00:00+09:00,4346.79,0.14,4321.79,4356.79,SL,2025-10-17 08:07:00+09:00,4356.79,-10.0,160.1800000000003,2025-10-18 02:04:00+09:00,32.39000000000033,2025-10-17 08:51:00+09:00,1199.0,False
2025-10-20,BUY,Valid,2025-10-20 08:00:00+09:00,4256.14,0.17,4281.14,4246.14,SL,2025-10-20 08:13:00+09:00,4246.14,-10.0,108.39999999999964,2025-10-21 03:39:00+09:00,37.11000000000058,2025-10-20 09:29:00+09:00,1200.0,False
2025-10-20,SELL,Valid,2025-10-20 08:00:00+09:00,4255.97,0.17,4230.97,4265.97,TP,2025-10-20 09:12:00+09:00,4230.97,25.0,36.780000000000655,2025-10-20 09:29:00+09:00,108.65999999999985,2025-10-21 03:39:00+09:00,1200.0,False
2025-10-21,BUY,Valid,2025-10-21 08:00:00+09:00,4367.74,0.16,4392.74,4357.74,SL,2025-10-21 08:47:00+09:00,4357.74,-10.0,4.4099999999998545,2025-10-21 10:01:00+09:00,287.0799999999999,2025-10-21 23:45:00+09:00,1200.0,False
2025-10-21,SELL,Valid,2025-10-21 08:00:00+09:00,4367.58,0.16,4342.58,4377.58,TP,2025-10-21 10:30:00+09:00,4342.58,25.0,286.8699999999999,2025-10-21 23:45:00+09:00,4.619999999999891,2025-10-21 10:01:00+09:00,1200.0,False
2025-10-22,BUY,Valid,2025-10-22 08:00:00+09:00,4123.410000000001,0.14,4148.410000000001,4113.410000000001,SL,2025-10-22 08:49:00+09:00,4113.410000000001,-10.0,37.849999999999454,2025-10-22 15:55:00+09:00,119.19000000000096,2025-10-22 09:12:00+09:00,1200.0,False
2025-10-22,SELL,Valid,2025-10-22 08:00:00+09:00,4123.27,0.14,4098.27,4133.27,TP,2025-10-22 08:56:00+09:00,4098.27,25.0,118.94000000000051,2025-10-22 09:12:00+09:00,38.159999999999854,2025-10-22 15:55:00+09:00,1200.0,False
2025-10-23,BUY,Candle 04:00 tidak tersedia,,,,,,DATA_UNAVAILABLE,,,,,,,,,
2025-10-23,SELL,Candle 04:00 tidak tersedia,,,,,,DATA_UNAVAILABLE,,,,,,,,,
2025-10-24,BUY,Valid,2025-10-24 08:00:00+09:00,4116.32,0.17,4141.32,4106.32,SL,2025-10-24 08:32:00+09:00,4106.32,-10.0,27.82000000000062,2025-10-24 10:15:00+09:00,72.27999999999975,2025-10-24 20:03:00+09:00,1200.0,False
2025-10-24,SELL,Valid,2025-10-24 08:00:00+09:00,4116.15,0.17,4091.1499999999996,4126.15,SL,2025-10-24 09:07:00+09:00,4126.15,-10.0,71.94999999999982,2025-10-24 20:03:00+09:00,28.160000000000764,2025-10-24 10:15:00+09:00,1200.0,False
2025-10-27,BUY,Valid,2025-10-27 08:00:00+09:00,4065.52,0.17,4090.52,4055.52,TP,2025-10-27 09:07:00+09:00,4090.52,25.0,32.129999999999654,2025-10-27 09:26:00+09:00,94.0300000000002,2025-10-27 23:09:00+09:00,1194.0,False
2025-10-27,SELL,Valid,2025-10-27 08:00:00+09:00,4065.35,0.17,4040.35,4075.35,SL,2025-10-27 08:34:00+09:00,4075.35,-10.0,93.70000000000027,2025-10-27 23:09:00+09:00,32.4699999999998,2025-10-27 09:26:00+09:00,1194.0,False
2025-10-28,BUY,Valid,2025-10-28 08:00:00+09:00,3998.62,0.17,4023.62,3988.62,SL,2025-10-28 08:10:00+09:00,3988.62,-10.0,21.13000000000011,2025-10-28 09:17:00+09:00,112.0,2025-10-28 17:09:00+09:00,1200.0,False
2025-10-28,SELL,Valid,2025-10-28 08:00:00+09:00,3998.45,0.17,3973.45,4008.45,TP,2025-10-28 08:20:00+09:00,3973.45,25.0,111.77999999999975,2025-10-28 17:09:00+09:00,21.460000000000036,2025-10-28 09:17:00+09:00,1200.0,False
2025-10-29,BUY,Valid,2025-10-29 08:00:00+09:00,3964.68,0.16,3989.68,3954.68,SL,2025-10-29 10:32:00+09:00,3954.68,-10.0,65.53999999999996,2025-10-29 20:15:00+09:00,36.63999999999987,2025-10-30 03:44:00+09:00,1200.0,False
2025-10-29,SELL,Valid,2025-10-29 08:00:00+09:00,3964.52,0.16,3939.52,3974.52,SL,2025-10-29 08:39:00+09:00,3974.52,-10.0,36.429999999999836,2025-10-30 03:44:00+09:00,65.86999999999989,2025-10-29 20:15:00+09:00,1200.0,False
2025-10-30,BUY,Valid,2025-10-30 08:00:00+09:00,3952.93,0.12,3977.93,3942.93,SL,2025-10-30 08:44:00+09:00,3942.93,-10.0,73.14000000000033,2025-10-31 03:18:00+09:00,37.84999999999991,2025-10-30 11:01:00+09:00,1200.0,False
2025-10-30,SELL,Valid,2025-10-30 08:00:00+09:00,3952.81,0.12,3927.81,3962.81,SL,2025-10-30 08:01:00+09:00,3962.81,-10.0,37.570000000000164,2025-10-30 11:01:00+09:00,73.43000000000029,2025-10-31 03:18:00+09:00,1200.0,False
2025-10-31,BUY,Valid,2025-10-31 08:00:00+09:00,4036.77,0.05,4061.77,4026.77,SL,2025-10-31 08:28:00+09:00,4026.77,-10.0,2.2100000000000364,2025-10-31 09:11:00+09:00,64.19000000000005,2025-11-01 00:17:00+09:00,1200.0,False
2025-10-31,SELL,Valid,2025-10-31 08:00:00+09:00,4036.72,0.05,4011.72,4046.72,TP,2025-10-31 10:07:00+09:00,4011.72,25.0,63.98000000000002,2025-11-01 00:17:00+09:00,2.430000000000291,2025-10-31 09:11:00+09:00,1200.0,False
2025-11-03,BUY,Valid,2025-11-03 08:00:00+09:00,3979.71,0.17,4004.71,3969.71,SL,2025-11-03 08:14:00+09:00,3969.71,-10.0,51.029999999999745,2025-11-03 23:00:00+09:00,16.970000000000255,2025-11-03 08:20:00+09:00,1200.0,False
2025-11-03,SELL,Valid,2025-11-03 08:00:00+09:00,3979.54,0.17,3954.54,3989.54,SL,2025-11-03 09:15:00+09:00,3989.54,-10.0,16.740000000000236,2025-11-03 08:20:00+09:00,51.35999999999967,2025-11-03 23:00:00+09:00,1200.0,False
2025-11-04,BUY,Valid,2025-11-04 08:00:00+09:00,3997.87,0.17,4022.87,3987.87,SL,2025-11-04 08:35:00+09:00,3987.87,-10.0,2.8200000000001637,2025-11-04 16:28:00+09:00,68.9699999999998,2025-11-04 22:40:00+09:00,1200.0,False
2025-11-04,SELL,Valid,2025-11-04 08:00:00+09:00,3997.7,0.17,3972.7,4007.7,TP,2025-11-04 14:00:00+09:00,3972.7,25.0,68.63999999999987,2025-11-04 22:40:00+09:00,3.1600000000003092,2025-11-04 16:28:00+09:00,1200.0,False
2025-11-05,BUY,Valid,2025-11-05 08:00:00+09:00,3934.91,0.17,3959.91,3924.91,TP,2025-11-05 11:45:00+09:00,3959.91,25.0,55.41000000000031,2025-11-06 00:52:00+09:00,5.879999999999654,2025-11-05 08:41:00+09:00,1200.0,False
2025-11-05,SELL,Valid,2025-11-05 08:00:00+09:00,3934.74,0.17,3909.74,3944.74,SL,2025-11-05 09:08:00+09:00,3944.74,-10.0,5.6599999999994,2025-11-05 08:41:00+09:00,55.750000000000455,2025-11-06 00:52:00+09:00,1200.0,False
2025-11-06,BUY,Valid,2025-11-06 08:00:00+09:00,3973.7599999999998,0.18,3998.7599999999998,3963.7599999999998,TP,2025-11-06 15:15:00+09:00,3998.7599999999998,25.0,45.79000000000042,2025-11-06 19:52:00+09:00,9.049999999999727,2025-11-06 09:10:00+09:00,1200.0,False
2025-11-06,SELL,Valid,2025-11-06 08:00:00+09:00,3973.58,0.18,3948.58,3983.58,SL,2025-11-06 10:33:00+09:00,3983.58,-10.0,8.710000000000036,2025-11-06 09:10:00+09:00,46.14000000000033,2025-11-06 19:52:00+09:00,1200.0,False
2025-11-07,BUY,Valid,2025-11-07 08:00:00+09:00,3989.12,0.16,4014.12,3979.12,TP,2025-11-07 17:18:00+09:00,4014.12,25.0,38.67000000000007,2025-11-08 00:40:00+09:00,4.799999999999727,2025-11-07 23:46:00+09:00,1200.0,False
2025-11-07,SELL,Valid,2025-11-07 08:00:00+09:00,3988.96,0.16,3963.96,3998.96,SL,2025-11-07 09:10:00+09:00,3998.96,-10.0,4.480000000000018,2025-11-07 23:46:00+09:00,38.98999999999978,2025-11-08 00:40:00+09:00,1200.0,False
2025-11-10,BUY,Valid,2025-11-10 08:00:00+09:00,4012.0,0.17,4037.0,4002.0,TP,2025-11-10 09:21:00+09:00,4037.0,25.0,103.81999999999971,2025-11-11 02:32:00+09:00,0.7899999999999636,2025-11-10 08:00:00+09:00,1200.0,False
2025-11-10,SELL,Valid,2025-11-10 08:00:00+09:00,4011.83,0.17,3986.83,4021.83,SL,2025-11-10 08:47:00+09:00,4021.83,-10.0,0.4499999999998181,2025-11-10 08:00:00+09:00,104.15999999999985,2025-11-11 02:32:00+09:00,1200.0,False
2025-11-11,BUY,Valid,2025-11-11 08:00:00+09:00,4120.55,0.18,4145.55,4110.55,TP,2025-11-11 11:20:00+09:00,4145.55,25.0,28.149999999999636,2025-11-11 12:04:00+09:00,23.390000000000327,2025-11-11 23:29:00+09:00,1200.0,False
2025-11-11,SELL,Valid,2025-11-11 08:00:00+09:00,4120.37,0.18,4095.37,4130.37,SL,2025-11-11 08:48:00+09:00,4130.37,-10.0,23.039999999999964,2025-11-11 23:29:00+09:00,28.5,2025-11-11 12:04:00+09:00,1200.0,False
2025-11-12,BUY,Valid,2025-11-12 08:00:00+09:00,4142.83,0.16,4167.83,4132.83,SL,2025-11-12 08:59:00+09:00,4132.83,-10.0,69.02999999999975,2025-11-13 02:27:00+09:00,43.81999999999971,2025-11-12 13:33:00+09:00,1200.0,False
2025-11-12,SELL,Valid,2025-11-12 08:00:00+09:00,4142.67,0.16,4117.67,4152.67,TP,2025-11-12 11:06:00+09:00,4117.67,25.0,43.5,2025-11-12 13:33:00+09:00,69.23999999999978,2025-11-13 02:27:00+09:00,1200.0,False
2025-11-13,BUY,Valid,2025-11-13 08:00:00+09:00,4191.21,0.17,4216.21,4181.21,SL,2025-11-13 09:18:00+09:00,4181.21,-10.0,54.18000000000029,2025-11-13 20:59:00+09:00,45.850000000000364,2025-11-14 02:38:00+09:00,1200.0,False
2025-11-13,SELL,Valid,2025-11-13 08:00:00+09:00,4191.04,0.17,4166.04,4201.04,SL,2025-11-13 08:35:00+09:00,4201.04,-10.0,45.51000000000022,2025-11-14 02:38:00+09:00,54.52000000000044,2025-11-13 20:59:00+09:00,1200.0,False
2025-11-14,BUY,Valid,2025-11-14 08:00:00+09:00,4186.5199999999995,0.07,4211.5199999999995,4176.5199999999995,SL,2025-11-14 09:23:00+09:00,4176.5199999999995,-10.0,24.63000000000011,2025-11-14 11:30:00+09:00,154.12999999999965,2025-11-14 22:33:00+09:00,1200.0,False
2025-11-14,SELL,Valid,2025-11-14 08:00:00+09:00,4186.45,0.07,4161.45,4196.45,SL,2025-11-14 10:21:00+09:00,4196.45,-10.0,154.00999999999976,2025-11-14 22:33:00+09:00,24.86999999999989,2025-11-14 11:30:00+09:00,1200.0,False
2025-11-17,BUY,Valid,2025-11-17 08:00:00+09:00,4096.53,0.16,4121.53,4086.5299999999997,SL,2025-11-17 08:10:00+09:00,4086.5299999999997,-10.0,5.619999999999891,2025-11-17 09:35:00+09:00,85.78999999999996,2025-11-18 03:56:00+09:00,1200.0,False
2025-11-17,SELL,Valid,2025-11-17 08:00:00+09:00,4096.37,0.16,4071.37,4106.37,TP,2025-11-17 11:01:00+09:00,4071.37,25.0,85.46000000000004,2025-11-18 03:56:00+09:00,5.869999999999891,2025-11-17 09:35:00+09:00,1200.0,False
2025-11-18,BUY,Valid,2025-11-18 08:00:00+09:00,4037.09,0.17,4062.09,4027.09,SL,2025-11-18 09:51:00+09:00,4027.09,-10.0,44.899999999999636,2025-11-18 22:41:00+09:00,38.73000000000002,2025-11-18 15:38:00+09:00,1200.0,False
2025-11-18,SELL,Valid,2025-11-18 08:00:00+09:00,4036.92,0.17,4011.92,4046.92,TP,2025-11-18 11:10:00+09:00,4011.92,25.0,38.38999999999987,2025-11-18 15:38:00+09:00,45.23999999999978,2025-11-18 22:41:00+09:00,1200.0,False
2025-11-19,BUY,Valid,2025-11-19 08:00:00+09:00,4076.9500000000003,0.17,4101.950000000001,4066.9500000000003,SL,2025-11-19 09:01:00+09:00,4066.9500000000003,-10.0,55.50999999999976,2025-11-19 23:16:00+09:00,21.440000000000055,2025-11-19 10:03:00+09:00,1200.0,False
2025-11-19,SELL,Valid,2025-11-19 08:00:00+09:00,4076.78,0.17,4051.78,4086.78,SL,2025-11-19 13:18:00+09:00,4086.78,-10.0,21.159999999999854,2025-11-19 10:03:00+09:00,55.79999999999973,2025-11-19 23:16:00+09:00,1200.0,False
2025-11-20,BUY,Valid,2025-11-20 08:00:00+09:00,4105.02,0.21,4130.02,4095.0200000000004,SL,2025-11-20 09:20:00+09:00,4095.0200000000004,-10.0,5.419999999999163,2025-11-20 08:01:00+09:00,66.47000000000025,2025-11-20 16:23:00+09:00,1199.0,False
2025-11-20,SELL,Valid,2025-11-20 08:00:00+09:00,4104.81,0.21,4079.8100000000004,4114.81,TP,2025-11-20 10:00:00+09:00,4079.8100000000004,25.0,66.09000000000015,2025-11-20 16:23:00+09:00,5.6799999999993815,2025-11-20 08:01:00+09:00,1199.0,False
2025-11-21,BUY,Valid,2025-11-21 08:00:00+09:00,4078.4300000000003,0.05,4103.43,4068.4300000000003,SL,2025-11-21 09:00:00+09:00,4068.4300000000003,-10.0,22.81999999999971,2025-11-22 01:00:00+09:00,55.820000000000164,2025-11-21 16:03:00+09:00,1200.0,False
2025-11-21,SELL,Valid,2025-11-21 08:00:00+09:00,4078.38,0.05,4053.38,4088.38,TP,2025-11-21 11:04:00+09:00,4053.38,25.0,55.7199999999998,2025-11-21 16:03:00+09:00,23.039999999999964,2025-11-22 01:00:00+09:00,1200.0,False
2025-11-24,BUY,Valid,2025-11-24 08:00:00+09:00,4075.19,0.17,4100.1900000000005,4065.19,SL,2025-11-24 08:08:00+09:00,4065.19,-10.0,50.2199999999998,2025-11-25 02:53:00+09:00,35.30000000000018,2025-11-24 13:22:00+09:00,1200.0,False
2025-11-24,SELL,Valid,2025-11-24 08:00:00+09:00,4075.02,0.17,4050.02,4085.02,TP,2025-11-24 09:51:00+09:00,4050.02,25.0,34.960000000000036,2025-11-24 13:22:00+09:00,50.54999999999973,2025-11-25 02:53:00+09:00,1200.0,False
2025-11-25,BUY,Valid,2025-11-25 08:00:00+09:00,4143.94,0.19,4168.94,4133.94,SL,2025-11-25 08:34:00+09:00,4133.94,-10.0,15.340000000000146,2025-11-26 01:34:00+09:00,34.92999999999938,2025-11-25 16:54:00+09:00,1200.0,False
2025-11-25,SELL,Valid,2025-11-25 08:00:00+09:00,4143.75,0.19,4118.75,4153.75,SL,2025-11-25 10:49:00+09:00,4153.75,-10.0,34.6899999999996,2025-11-25 16:54:00+09:00,15.699999999999818,2025-11-26 01:34:00+09:00,1200.0,False
2025-11-26,BUY,Valid,2025-11-26 08:00:00+09:00,4133.91,0.17,4158.91,4123.91,TP,2025-11-26 10:25:00+09:00,4158.91,25.0,39.539999999999964,2025-11-26 20:03:00+09:00,1.199999999999818,2025-11-26 08:00:00+09:00,1200.0,False
2025-11-26,SELL,Valid,2025-11-26 08:00:00+09:00,4133.74,0.17,4108.74,4143.74,SL,2025-11-26 08:58:00+09:00,4143.74,-10.0,0.8599999999996726,2025-11-26 08:00:00+09:00,39.88000000000011,2025-11-26 20:03:00+09:00,1200.0,False
2025-11-27,BUY,Valid,2025-11-27 08:00:00+09:00,4165.030000000001,0.18,4190.030000000001,4155.030000000001,SL,2025-11-27 09:16:00+09:00,4155.030000000001,-10.0,2.3299999999990177,2025-11-27 08:12:00+09:00,22.450000000000728,2025-11-27 12:08:00+09:00,1187.0,False
2025-11-27,SELL,Valid,2025-11-27 08:00:00+09:00,4164.85,0.18,4139.85,4174.85,CLOSE_04_PROFIT,2025-11-28 04:00:00+09:00,4158.74,6.110000000000582,22.100000000000364,2025-11-27 12:08:00+09:00,2.6799999999993815,2025-11-27 08:12:00+09:00,1187.0,False
2025-11-28,BUY,Candle 04:00 tidak tersedia,,,,,,DATA_UNAVAILABLE,,,,,,,,,
2025-11-28,SELL,Candle 04:00 tidak tersedia,,,,,,DATA_UNAVAILABLE,,,,,,,,,
2025-12-01,BUY,Valid,2025-12-01 08:00:00+09:00,4221.8099999999995,0.16,4246.8099999999995,4211.8099999999995,TP,2025-12-01 09:55:00+09:00,4246.8099999999995,25.0,42.82000000000062,2025-12-01 21:42:00+09:00,6.099999999999454,2025-12-01 13:26:00+09:00,1200.0,False
2025-12-01,SELL,Valid,2025-12-01 08:00:00+09:00,4221.65,0.16,4196.65,4231.65,SL,2025-12-01 08:28:00+09:00,4231.65,-10.0,5.889999999999418,2025-12-01 13:26:00+09:00,43.07000000000062,2025-12-01 21:42:00+09:00,1200.0,False
2025-12-02,BUY,Valid,2025-12-02 08:00:00+09:00,4227.83,0.17,4252.83,4217.83,SL,2025-12-02 09:03:00+09:00,4217.83,-10.0,3.050000000000182,2025-12-02 22:26:00+09:00,64.39999999999964,2025-12-02 23:58:00+09:00,1200.0,False
2025-12-02,SELL,Valid,2025-12-02 08:00:00+09:00,4227.66,0.17,4202.66,4237.66,TP,2025-12-02 09:09:00+09:00,4202.66,25.0,64.05999999999949,2025-12-02 23:58:00+09:00,3.3200000000006185,2025-12-02 22:26:00+09:00,1200.0,False
2025-12-03,BUY,Valid,2025-12-03 08:00:00+09:00,4212.96,0.17,4237.96,4202.96,SL,2025-12-03 15:24:00+09:00,4202.96,-10.0,28.390000000000327,2025-12-03 22:35:00+09:00,18.350000000000364,2025-12-03 18:15:00+09:00,1200.0,False
2025-12-03,SELL,Valid,2025-12-03 08:00:00+09:00,4212.79,0.17,4187.79,4222.79,SL,2025-12-03 10:05:00+09:00,4222.79,-10.0,18.01000000000022,2025-12-03 18:15:00+09:00,28.720000000000255,2025-12-03 22:35:00+09:00,1200.0,False
2025-12-04,BUY,Valid,2025-12-04 08:00:00+09:00,4207.34,0.17,4232.34,4197.34,SL,2025-12-04 11:02:00+09:00,4197.34,-10.0,12.039999999999964,2025-12-05 00:18:00+09:00,32.27000000000044,2025-12-04 13:53:00+09:00,1200.0,False
2025-12-04,SELL,Valid,2025-12-04 08:00:00+09:00,4207.17,0.17,4182.17,4217.17,TP,2025-12-04 13:40:00+09:00,4182.17,25.0,31.93000000000029,2025-12-04 13:53:00+09:00,12.38000000000011,2025-12-05 00:18:00+09:00,1200.0,False
2025-12-05,BUY,Valid,2025-12-05 08:00:00+09:00,4206.35,0.18,4231.35,4196.35,SL,2025-12-05 09:11:00+09:00,4196.35,-10.0,52.75,2025-12-05 23:39:00+09:00,11.510000000000218,2025-12-05 09:17:00+09:00,1200.0,False
2025-12-05,SELL,Valid,2025-12-05 08:00:00+09:00,4206.17,0.18,4181.17,4216.17,SL,2025-12-05 12:34:00+09:00,4216.17,-10.0,11.159999999999854,2025-12-05 09:17:00+09:00,53.030000000000655,2025-12-05 23:39:00+09:00,1200.0,False
2025-12-08,BUY,Valid,2025-12-08 08:00:00+09:00,4201.81,0.17,4226.81,4191.81,SL,2025-12-08 23:00:00+09:00,4191.81,-10.0,17.00999999999931,2025-12-08 14:34:00+09:00,25.170000000000073,2025-12-08 23:15:00+09:00,1200.0,False
2025-12-08,SELL,Valid,2025-12-08 08:00:00+09:00,4201.64,0.17,4176.64,4211.64,SL,2025-12-08 08:56:00+09:00,4211.64,-10.0,24.920000000000073,2025-12-08 23:15:00+09:00,17.349999999999454,2025-12-08 14:34:00+09:00,1200.0,False
2025-12-09,BUY,Valid,2025-12-09 08:00:00+09:00,4194.8,0.17,4219.8,4184.8,SL,2025-12-09 12:55:00+09:00,4184.8,-10.0,26.63000000000011,2025-12-10 00:45:00+09:00,24.529999999999745,2025-12-09 14:12:00+09:00,1200.0,False
2025-12-09,SELL,Valid,2025-12-09 08:00:00+09:00,4194.63,0.17,4169.63,4204.63,SL,2025-12-09 17:07:00+09:00,4204.63,-10.0,24.1899999999996,2025-12-09 14:12:00+09:00,26.970000000000255,2025-12-10 00:45:00+09:00,1200.0,False
2025-12-10,BUY,Valid,2025-12-10 08:00:00+09:00,4211.03,0.17,4236.03,4201.03,SL,2025-12-10 16:10:00+09:00,4201.03,-10.0,8.720000000000255,2025-12-11 03:11:00+09:00,28.949999999999818,2025-12-11 03:41:00+09:00,1200.0,False
2025-12-10,SELL,Valid,2025-12-10 08:00:00+09:00,4210.86,0.17,4185.86,4220.86,TP,2025-12-11 03:41:00+09:00,4185.86,25.0,28.779999999999745,2025-12-11 03:41:00+09:00,8.890000000000327,2025-12-11 03:11:00+09:00,1200.0,False
2025-12-11,BUY,Valid,2025-12-11 08:00:00+09:00,4232.64,0.17,4257.64,4222.64,SL,2025-12-11 10:37:00+09:00,4222.64,-10.0,53.219999999999345,2025-12-12 02:10:00+09:00,28.300000000000182,2025-12-11 14:03:00+09:00,1200.0,False
2025-12-11,SELL,Valid,2025-12-11 08:00:00+09:00,4232.47,0.17,4207.47,4242.47,SL,2025-12-11 08:14:00+09:00,4242.47,-10.0,28.13000000000011,2025-12-11 14:03:00+09:00,53.42999999999938,2025-12-12 02:10:00+09:00,1200.0,False
2025-12-12,BUY,Valid,2025-12-12 08:00:00+09:00,4276.61,0.17,4301.61,4266.61,SL,2025-12-12 09:04:00+09:00,4266.61,-10.0,76.90000000000055,2025-12-12 22:57:00+09:00,19.170000000000073,2025-12-13 00:40:00+09:00,1200.0,False
2025-12-12,SELL,Valid,2025-12-12 08:00:00+09:00,4276.44,0.17,4251.44,4286.44,SL,2025-12-12 15:07:00+09:00,4286.44,-10.0,18.960000000000036,2025-12-13 00:40:00+09:00,77.11000000000058,2025-12-12 22:57:00+09:00,1200.0,False
2025-12-15,BUY,Candle 08:00 tidak tersedia,,,,,,DATA_UNAVAILABLE,,,,,,,,,
2025-12-15,SELL,Candle 08:00 tidak tersedia,,,,,,DATA_UNAVAILABLE,,,,,,,,,
2025-12-16,BUY,Candle 08:00 tidak tersedia,,,,,,DATA_UNAVAILABLE,,,,,,,,,
2025-12-16,SELL,Candle 08:00 tidak tersedia,,,,,,DATA_UNAVAILABLE,,,,,,,,,
2025-12-17,BUY,Candle 08:00 tidak tersedia,,,,,,DATA_UNAVAILABLE,,,,,,,,,
2025-12-17,SELL,Candle 08:00 tidak tersedia,,,,,,DATA_UNAVAILABLE,,,,,,,,,
2025-12-18,BUY,Candle 08:00 tidak tersedia,,,,,,DATA_UNAVAILABLE,,,,,,,,,
2025-12-18,SELL,Candle 08:00 tidak tersedia,,,,,,DATA_UNAVAILABLE,,,,,,,,,
2025-12-19,BUY,Candle 08:00 tidak tersedia,,,,,,DATA_UNAVAILABLE,,,,,,,,,
2025-12-19,SELL,Candle 08:00 tidak tersedia,,,,,,DATA_UNAVAILABLE,,,,,,,,,
2025-12-22,BUY,Candle 08:00 tidak tersedia,,,,,,DATA_UNAVAILABLE,,,,,,,,,
2025-12-22,SELL,Candle 08:00 tidak tersedia,,,,,,DATA_UNAVAILABLE,,,,,,,,,
2025-12-23,BUY,Candle 08:00 tidak tersedia,,,,,,DATA_UNAVAILABLE,,,,,,,,,
2025-12-23,SELL,Candle 08:00 tidak tersedia,,,,,,DATA_UNAVAILABLE,,,,,,,,,
2025-12-24,BUY,Candle 08:00 tidak tersedia,,,,,,DATA_UNAVAILABLE,,,,,,,,,
2025-12-24,SELL,Candle 08:00 tidak tersedia,,,,,,DATA_UNAVAILABLE,,,,,,,,,
2025-12-26,BUY,Candle 08:00 tidak tersedia,,,,,,DATA_UNAVAILABLE,,,,,,,,,
2025-12-26,SELL,Candle 08:00 tidak tersedia,,,,,,DATA_UNAVAILABLE,,,,,,,,,
2025-12-29,BUY,Candle 08:00 tidak tersedia,,,,,,DATA_UNAVAILABLE,,,,,,,,,
2025-12-29,SELL,Candle 08:00 tidak tersedia,,,,,,DATA_UNAVAILABLE,,,,,,,,,
2025-12-30,BUY,Candle 08:00 tidak tersedia,,,,,,DATA_UNAVAILABLE,,,,,,,,,
2025-12-30,SELL,Candle 08:00 tidak tersedia,,,,,,DATA_UNAVAILABLE,,,,,,,,,
2025-12-31,BUY,Valid,2025-12-31 08:00:00+09:00,4339.08,0.04,4364.08,4329.08,TP,2025-12-31 09:35:00+09:00,4364.08,25.0,34.210000000000036,2025-12-31 09:51:00+09:00,64.59000000000015,2025-12-31 14:01:00+09:00,1200.0,False
2025-12-31,SELL,Valid,2025-12-31 08:00:00+09:00,4339.04,0.04,4314.04,4349.04,SL,2025-12-31 09:04:00+09:00,4349.04,-10.0,64.51000000000022,2025-12-31 14:01:00+09:00,34.289999999999964,2025-12-31 09:51:00+09:00,1200.0,False
2026-01-02,BUY,Valid,2026-01-02 08:00:00+09:00,4348.44,0.04,4373.44,4338.44,TP,2026-01-02 11:42:00+09:00,4373.44,25.0,53.8700000000008,2026-01-02 21:16:00+09:00,38.469999999999345,2026-01-03 02:44:00+09:00,1200.0,False
2026-01-02,SELL,Valid,2026-01-02 08:00:00+09:00,4348.4,0.04,4323.4,4358.4,SL,2026-01-02 10:51:00+09:00,4358.4,-10.0,38.38999999999942,2026-01-03 02:44:00+09:00,53.95000000000073,2026-01-02 21:16:00+09:00,1200.0,False
2026-01-05,BUY,Valid,2026-01-05 08:00:00+09:00,4372.61,0.04,4397.61,4362.61,TP,2026-01-05 09:00:00+09:00,4397.61,25.0,83.03999999999996,2026-01-05 23:08:00+09:00,2.3499999999994543,2026-01-05 08:05:00+09:00,1200.0,False
2026-01-05,SELL,Valid,2026-01-05 08:00:00+09:00,4372.57,0.04,4347.57,4382.57,SL,2026-01-05 08:18:00+09:00,4382.57,-10.0,2.219999999999345,2026-01-05 08:05:00+09:00,83.11999999999989,2026-01-05 23:08:00+09:00,1200.0,False
2026-01-06,BUY,Valid,2026-01-06 08:00:00+09:00,4440.56,0.04,4465.56,4430.56,SL,2026-01-06 08:40:00+09:00,4430.56,-10.0,53.54999999999927,2026-01-07 02:19:00+09:00,12.600000000000364,2026-01-06 09:03:00+09:00,1200.0,False
2026-01-06,SELL,Valid,2026-01-06 08:00:00+09:00,4440.52,0.04,4415.52,4450.52,SL,2026-01-06 09:56:00+09:00,4450.52,-10.0,12.520000000000437,2026-01-06 09:03:00+09:00,53.6299999999992,2026-01-07 02:19:00+09:00,1200.0,False
2026-01-07,BUY,Valid,2026-01-07 08:00:00+09:00,4493.4,0.04,4518.4,4483.4,SL,2026-01-07 08:53:00+09:00,4483.4,-10.0,2.410000000000764,2026-01-07 09:00:00+09:00,69.92000000000007,2026-01-07 23:17:00+09:00,1200.0,False
2026-01-07,SELL,Valid,2026-01-07 08:00:00+09:00,4493.36,0.04,4468.36,4503.36,TP,2026-01-07 09:34:00+09:00,4468.36,25.0,69.84000000000015,2026-01-07 23:17:00+09:00,2.490000000000691,2026-01-07 09:00:00+09:00,1200.0,False
2026-01-08,BUY,Valid,2026-01-08 08:00:00+09:00,4463.42,0.04,4488.42,4453.42,SL,2026-01-08 08:37:00+09:00,4453.42,-10.0,2.949999999999818,2026-01-08 08:16:00+09:00,55.69000000000051,2026-01-08 20:16:00+09:00,1200.0,False
2026-01-08,SELL,Valid,2026-01-08 08:00:00+09:00,4463.38,0.04,4438.38,4473.38,TP,2026-01-08 10:30:00+09:00,4438.38,25.0,55.61000000000058,2026-01-08 20:16:00+09:00,3.0299999999997453,2026-01-08 08:16:00+09:00,1200.0,False
2026-01-09,BUY,Valid,2026-01-09 08:00:00+09:00,4475.6,0.04,4500.6,4465.6,SL,2026-01-09 08:26:00+09:00,4465.6,-10.0,41.599999999999454,2026-01-09 23:42:00+09:00,22.730000000000473,2026-01-09 09:08:00+09:00,1200.0,False
2026-01-09,SELL,Valid,2026-01-09 08:00:00+09:00,4475.56,0.04,4450.56,4485.56,SL,2026-01-09 21:32:00+09:00,4485.56,-10.0,22.650000000000546,2026-01-09 09:08:00+09:00,41.67999999999938,2026-01-09 23:42:00+09:00,1200.0,False
2026-01-12,BUY,Valid,2026-01-12 08:00:00+09:00,4540.11,0.04,4565.11,4530.11,TP,2026-01-12 08:26:00+09:00,4565.11,25.0,90.02000000000044,2026-01-13 00:18:00+09:00,3.8299999999999272,2026-01-12 08:00:00+09:00,1200.0,False
2026-01-12,SELL,Valid,2026-01-12 08:00:00+09:00,4540.07,0.04,4515.07,4550.07,SL,2026-01-12 08:07:00+09:00,4550.07,-10.0,3.75,2026-01-12 08:00:00+09:00,90.10000000000036,2026-01-13 00:18:00+09:00,1200.0,False
2026-01-13,BUY,Valid,2026-01-13 08:00:00+09:00,4599.5,0.04,4624.5,4589.5,SL,2026-01-13 08:29:00+09:00,4589.5,-10.0,35.100000000000364,2026-01-13 22:50:00+09:00,25.9399999999996,2026-01-13 14:41:00+09:00,1200.0,False
2026-01-13,SELL,Valid,2026-01-13 08:00:00+09:00,4599.46,0.04,4574.46,4609.46,TP,2026-01-13 14:41:00+09:00,4574.46,25.0,25.859999999999673,2026-01-13 14:41:00+09:00,35.18000000000029,2026-01-13 22:50:00+09:00,1200.0,False
2026-01-14,BUY,Valid,2026-01-14 08:00:00+09:00,4597.16,0.04,4622.16,4587.16,TP,2026-01-14 10:32:00+09:00,4622.16,25.0,45.75,2026-01-15 03:02:00+09:00,0.09000000000014552,2026-01-14 08:00:00+09:00,1200.0,False
2026-01-14,SELL,Valid,2026-01-14 08:00:00+09:00,4597.12,0.04,4572.12,4607.12,SL,2026-01-14 08:07:00+09:00,4607.12,-10.0,0.010000000000218279,2026-01-14 08:00:00+09:00,45.82999999999993,2026-01-15 03:02:00+09:00,1200.0,False
2026-01-15,BUY,Valid,2026-01-15 08:00:00+09:00,4615.2699999999995,0.04,4640.2699999999995,4605.2699999999995,SL,2026-01-15 09:18:00+09:00,4605.2699999999995,-10.0,9.550000000000182,2026-01-16 00:18:00+09:00,34.1299999999992,2026-01-15 11:30:00+09:00,1183.0,False
2026-01-15,SELL,Valid,2026-01-15 08:00:00+09:00,4615.23,0.04,4590.23,4625.23,TP,2026-01-15 09:31:00+09:00,4590.23,25.0,34.04999999999927,2026-01-15 11:30:00+09:00,9.63000000000011,2026-01-16 00:18:00+09:00,1183.0,False
2026-01-16,BUY,Valid,2026-01-16 08:00:00+09:00,4610.35,0.04,4635.35,4600.35,SL,2026-01-16 08:46:00+09:00,4600.35,-10.0,9.979999999999563,2026-01-16 23:07:00+09:00,73.5,2026-01-16 23:34:00+09:00,1200.0,False
2026-01-16,SELL,Valid,2026-01-16 08:00:00+09:00,4610.31,0.04,4585.31,4620.31,TP,2026-01-16 21:17:00+09:00,4585.31,25.0,73.42000000000007,2026-01-16 23:34:00+09:00,10.05999999999949,2026-01-16 23:07:00+09:00,1200.0,False
2026-01-19,BUY,Candle 04:00 tidak tersedia,,,,,,DATA_UNAVAILABLE,,,,,,,,,
2026-01-19,SELL,Candle 04:00 tidak tersedia,,,,,,DATA_UNAVAILABLE,,,,,,,,,
2026-01-20,BUY,Valid,2026-01-20 08:00:00+09:00,4665.41,0.04,4690.41,4655.41,TP,2026-01-20 12:35:00+09:00,4690.41,25.0,100.81999999999971,2026-01-21 02:21:00+09:00,5.9099999999998545,2026-01-20 08:29:00+09:00,1200.0,False
2026-01-20,SELL,Valid,2026-01-20 08:00:00+09:00,4665.37,0.04,4640.37,4675.37,SL,2026-01-20 09:37:00+09:00,4675.37,-10.0,5.829999999999927,2026-01-20 08:29:00+09:00,100.89999999999964,2026-01-21 02:21:00+09:00,1200.0,False
2026-01-21,BUY,Valid,2026-01-21 08:00:00+09:00,4775.9,0.04,4800.9,4765.9,TP,2026-01-21 09:13:00+09:00,4800.9,25.0,112.53000000000065,2026-01-21 14:27:00+09:00,19.969999999999345,2026-01-22 03:51:00+09:00,1200.0,False
2026-01-21,SELL,Valid,2026-01-21 08:00:00+09:00,4775.86,0.04,4750.86,4785.86,SL,2026-01-21 08:50:00+09:00,4785.86,-10.0,19.889999999999418,2026-01-22 03:51:00+09:00,112.61000000000058,2026-01-21 14:27:00+09:00,1200.0,False
2026-01-22,BUY,Valid,2026-01-22 08:00:00+09:00,4778.26,0.04,4803.26,4768.26,TP,2026-01-22 09:20:00+09:00,4803.26,25.0,146.1300000000001,2026-01-23 03:14:00+09:00,5.920000000000073,2026-01-22 09:04:00+09:00,1200.0,False
2026-01-22,SELL,Valid,2026-01-22 08:00:00+09:00,4778.22,0.04,4753.22,4788.22,SL,2026-01-22 08:08:00+09:00,4788.22,-10.0,5.8400000000001455,2026-01-22 09:04:00+09:00,146.21000000000004,2026-01-23 03:14:00+09:00,1200.0,False
2026-01-23,BUY,Valid,2026-01-23 08:00:00+09:00,4958.98,0.04,4983.98,4948.98,SL,2026-01-23 08:25:00+09:00,4948.98,-10.0,30.800000000000182,2026-01-24 03:54:00+09:00,59.23999999999978,2026-01-23 17:29:00+09:00,1200.0,False
2026-01-23,SELL,Valid,2026-01-23 08:00:00+09:00,4958.94,0.04,4933.94,4968.94,TP,2026-01-23 16:20:00+09:00,4933.94,25.0,59.159999999999854,2026-01-23 17:29:00+09:00,30.88000000000011,2026-01-24 03:54:00+09:00,1200.0,False
2026-01-26,BUY,Valid,2026-01-26 08:00:00+09:00,5039.75,0.04,5064.75,5029.75,SL,2026-01-26 09:01:00+09:00,5029.75,-10.0,71.27999999999975,2026-01-26 14:51:00+09:00,31.23999999999978,2026-01-27 03:48:00+09:00,1200.0,False
2026-01-26,SELL,Valid,2026-01-26 08:00:00+09:00,5039.71,0.04,5014.71,5049.71,SL,2026-01-26 08:39:00+09:00,5049.71,-10.0,31.159999999999854,2026-01-27 03:48:00+09:00,71.35999999999967,2026-01-26 14:51:00+09:00,1200.0,False
2026-01-27,BUY,Valid,2026-01-27 08:00:00+09:00,5043.59,0.04,5068.59,5033.59,SL,2026-01-27 08:42:00+09:00,5033.59,-10.0,59.57999999999993,2026-01-28 00:20:00+09:00,29.86999999999989,2026-01-27 08:52:00+09:00,1200.0,False
2026-01-27,SELL,Valid,2026-01-27 08:00:00+09:00,5043.55,0.04,5018.55,5053.55,SL,2026-01-27 08:06:00+09:00,5053.55,-10.0,29.789999999999964,2026-01-27 08:52:00+09:00,59.659999999999854,2026-01-28 00:20:00+09:00,1200.0,False
2026-01-28,BUY,Valid,2026-01-28 08:00:00+09:00,5172.36,0.04,5197.36,5162.36,SL,2026-01-28 08:01:00+09:00,5162.36,-10.0,159.55000000000018,2026-01-29 03:57:00+09:00,15.049999999999272,2026-01-28 08:05:00+09:00,1200.0,False
2026-01-28,SELL,Valid,2026-01-28 08:00:00+09:00,5172.32,0.04,5147.32,5182.32,SL,2026-01-28 09:03:00+09:00,5182.32,-10.0,14.969999999999345,2026-01-28 08:05:00+09:00,159.6300000000001,2026-01-29 03:57:00+09:00,1200.0,False
2026-01-29,BUY,Valid,2026-01-29 08:00:00+09:00,5513.07,0.04,5538.07,5503.07,SL,2026-01-29 08:00:00+09:00,5503.07,-10.0,82.47000000000025,2026-01-29 14:23:00+09:00,414.84000000000015,2026-01-29 23:28:00+09:00,1200.0,False
2026-01-29,SELL,Valid,2026-01-29 08:00:00+09:00,5513.03,0.04,5488.03,5523.03,TP,2026-01-29 08:00:00+09:00,5488.03,25.0,414.7600000000002,2026-01-29 23:28:00+09:00,82.55000000000018,2026-01-29 14:23:00+09:00,1200.0,False
2026-01-30,BUY,Valid,2026-01-30 08:00:00+09:00,5438.44,0.04,5463.44,5428.44,SL,2026-01-30 08:28:00+09:00,5428.44,-10.0,12.520000000000437,2026-01-30 08:11:00+09:00,756.2599999999993,2026-01-31 02:39:00+09:00,1200.0,False
2026-01-30,SELL,Valid,2026-01-30 08:00:00+09:00,5438.4,0.04,5413.4,5448.4,SL,2026-01-30 08:06:00+09:00,5448.4,-10.0,756.1799999999994,2026-01-31 02:39:00+09:00,12.600000000000364,2026-01-30 08:11:00+09:00,1200.0,False
2026-02-02,BUY,Valid,2026-02-02 08:00:00+09:00,4742.1,0.04,4767.1,4732.1,TP,2026-02-02 08:01:00+09:00,4767.1,25.0,142.53999999999996,2026-02-02 08:22:00+09:00,339.96000000000004,2026-02-02 14:38:00+09:00,1200.0,False
2026-02-02,SELL,Valid,2026-02-02 08:00:00+09:00,4742.06,0.04,4717.06,4752.06,SL,2026-02-02 08:00:00+09:00,4752.06,-10.0,339.8800000000001,2026-02-02 14:38:00+09:00,142.6199999999999,2026-02-02 08:22:00+09:00,1200.0,False
2026-02-03,BUY,Valid,2026-02-03 08:00:00+09:00,4774.25,0.04,4799.25,4764.25,TP,2026-02-03 08:16:00+09:00,4799.25,25.0,219.52000000000044,2026-02-04 00:39:00+09:00,28.76000000000022,2026-02-03 10:47:00+09:00,1200.0,False
2026-02-03,SELL,Valid,2026-02-03 08:00:00+09:00,4774.21,0.04,4749.21,4784.21,SL,2026-02-03 08:02:00+09:00,4784.21,-10.0,28.68000000000029,2026-02-03 10:47:00+09:00,219.60000000000036,2026-02-04 00:39:00+09:00,1200.0,False
2026-02-04,BUY,Valid,2026-02-04 08:00:00+09:00,4947.42,0.04,4972.42,4937.42,TP,2026-02-04 08:13:00+09:00,4972.42,25.0,144.51999999999953,2026-02-04 16:01:00+09:00,92.88000000000011,2026-02-05 00:48:00+09:00,1200.0,False
2026-02-04,SELL,Valid,2026-02-04 08:00:00+09:00,4947.38,0.04,4922.38,4957.38,SL,2026-02-04 08:02:00+09:00,4957.38,-10.0,92.80000000000018,2026-02-05 00:48:00+09:00,144.59999999999945,2026-02-04 16:01:00+09:00,1200.0,False
2026-02-05,BUY,Valid,2026-02-05 08:00:00+09:00,5012.41,0.04,5037.41,5002.41,SL,2026-02-05 08:09:00+09:00,5002.41,-10.0,8.090000000000146,2026-02-05 08:46:00+09:00,223.55000000000018,2026-02-05 11:00:00+09:00,1200.0,False
2026-02-05,SELL,Valid,2026-02-05 08:00:00+09:00,5012.37,0.04,4987.37,5022.37,TP,2026-02-05 09:12:00+09:00,4987.37,25.0,223.47000000000025,2026-02-05 11:00:00+09:00,8.170000000000073,2026-02-05 08:46:00+09:00,1200.0,False
2026-02-06,BUY,Valid,2026-02-06 08:00:00+09:00,4703.74,0.04,4728.74,4693.74,SL,2026-02-06 08:03:00+09:00,4693.74,-10.0,267.7399999999998,2026-02-07 02:12:00+09:00,48.469999999999345,2026-02-06 08:17:00+09:00,1200.0,False
2026-02-06,SELL,Valid,2026-02-06 08:00:00+09:00,4703.7,0.04,4678.7,4713.7,TP,2026-02-06 08:15:00+09:00,4678.7,25.0,48.38999999999942,2026-02-06 08:17:00+09:00,267.8199999999997,2026-02-07 02:12:00+09:00,1200.0,False
2026-02-09,BUY,Valid,2026-02-09 08:00:00+09:00,5036.14,0.04,5061.14,5026.14,SL,2026-02-09 08:04:00+09:00,5026.14,-10.0,44.67999999999938,2026-02-10 00:45:00+09:00,67.03000000000065,2026-02-09 10:03:00+09:00,1200.0,False
2026-02-09,SELL,Valid,2026-02-09 08:00:00+09:00,5036.1,0.04,5011.1,5046.1,TP,2026-02-09 09:07:00+09:00,5011.1,25.0,66.95000000000073,2026-02-09 10:03:00+09:00,44.75999999999931,2026-02-10 00:45:00+09:00,1200.0,False
2026-02-10,BUY,Valid,2026-02-10 08:00:00+09:00,5031.94,0.04,5056.94,5021.94,SL,2026-02-10 08:35:00+09:00,5021.94,-10.0,46.780000000000655,2026-02-10 22:33:00+09:00,32.91999999999916,2026-02-10 23:38:00+09:00,1200.0,False
2026-02-10,SELL,Valid,2026-02-10 08:00:00+09:00,5031.9,0.04,5006.9,5041.9,SL,2026-02-10 08:00:00+09:00,5041.9,-10.0,32.839999999999236,2026-02-10 23:38:00+09:00,46.86000000000058,2026-02-10 22:33:00+09:00,1200.0,False
2026-02-11,BUY,Valid,2026-02-11 08:00:00+09:00,5041.85,0.04,5066.85,5031.85,SL,2026-02-11 08:11:00+09:00,5031.85,-10.0,77.27999999999975,2026-02-11 20:00:00+09:00,22.970000000000255,2026-02-11 21:31:00+09:00,1200.0,False
2026-02-11,SELL,Valid,2026-02-11 08:00:00+09:00,5041.81,0.04,5016.81,5051.81,SL,2026-02-11 09:58:00+09:00,5051.81,-10.0,22.890000000000327,2026-02-11 21:31:00+09:00,77.35999999999967,2026-02-11 20:00:00+09:00,1200.0,False
2026-02-12,BUY,Valid,2026-02-12 08:00:00+09:00,5061.42,0.04,5086.42,5051.42,SL,2026-02-12 08:12:00+09:00,5051.42,-10.0,22.399999999999636,2026-02-12 21:57:00+09:00,182.71000000000004,2026-02-13 00:29:00+09:00,1200.0,False
2026-02-12,SELL,Valid,2026-02-12 08:00:00+09:00,5061.38,0.04,5036.38,5071.38,SL,2026-02-12 10:01:00+09:00,5071.38,-10.0,182.6300000000001,2026-02-13 00:29:00+09:00,22.479999999999563,2026-02-12 21:57:00+09:00,1200.0,False
2026-02-13,BUY,Valid,2026-02-13 08:00:00+09:00,4920.24,0.04,4945.24,4910.24,TP,2026-02-13 08:08:00+09:00,4945.24,25.0,125.89000000000033,2026-02-14 03:10:00+09:00,6.4299999999993815,2026-02-13 08:00:00+09:00,1200.0,False
2026-02-13,SELL,Valid,2026-02-13 08:00:00+09:00,4920.2,0.04,4895.2,4930.2,SL,2026-02-13 08:06:00+09:00,4930.2,-10.0,6.349999999999454,2026-02-13 08:00:00+09:00,125.97000000000025,2026-02-14 03:10:00+09:00,1200.0,False
2026-02-16,BUY,Candle 04:00 tidak tersedia,,,,,,DATA_UNAVAILABLE,,,,,,,,,
2026-02-16,SELL,Candle 04:00 tidak tersedia,,,,,,DATA_UNAVAILABLE,,,,,,,,,
2026-02-17,BUY,Valid,2026-02-17 08:00:00+09:00,4989.81,0.04,5014.81,4979.81,SL,2026-02-17 08:08:00+09:00,4979.81,-10.0,1.6499999999996362,2026-02-17 08:00:00+09:00,148.33000000000084,2026-02-17 22:01:00+09:00,1200.0,False
2026-02-17,SELL,Valid,2026-02-17 08:00:00+09:00,4989.77,0.04,4964.77,4999.77,TP,2026-02-17 08:52:00+09:00,4964.77,25.0,148.2500000000009,2026-02-17 22:01:00+09:00,1.7299999999995634,2026-02-17 08:00:00+09:00,1200.0,False
2026-02-18,BUY,Valid,2026-02-18 08:00:00+09:00,4859.23,0.04,4884.23,4849.23,TP,2026-02-18 09:02:00+09:00,4884.23,25.0,151.8700000000008,2026-02-19 00:48:00+09:00,0.8699999999998909,2026-02-18 08:00:00+09:00,1200.0,False
2026-02-18,SELL,Valid,2026-02-18 08:00:00+09:00,4859.19,0.04,4834.19,4869.19,SL,2026-02-18 08:02:00+09:00,4869.19,-10.0,0.7899999999999636,2026-02-18 08:00:00+09:00,151.95000000000073,2026-02-19 00:48:00+09:00,1200.0,False
2026-02-19,BUY,Valid,2026-02-19 08:00:00+09:00,4976.1,0.04,5001.1,4966.1,SL,2026-02-19 08:01:00+09:00,4966.1,-10.0,46.13999999999942,2026-02-19 23:35:00+09:00,15.570000000000618,2026-02-19 08:58:00+09:00,1200.0,False
2026-02-19,SELL,Valid,2026-02-19 08:00:00+09:00,4976.06,0.04,4951.06,4986.06,SL,2026-02-19 13:00:00+09:00,4986.06,-10.0,15.490000000000691,2026-02-19 08:58:00+09:00,46.219999999999345,2026-02-19 23:35:00+09:00,1200.0,False
2026-02-20,BUY,Valid,2026-02-20 08:00:00+09:00,4987.76,0.04,5012.76,4977.76,TP,2026-02-20 09:05:00+09:00,5012.76,25.0,92.13000000000011,2026-02-21 03:57:00+09:00,6.180000000000291,2026-02-20 11:42:00+09:00,1200.0,False
2026-02-20,SELL,Valid,2026-02-20 08:00:00+09:00,4987.72,0.04,4962.72,4997.72,SL,2026-02-20 08:47:00+09:00,4997.72,-10.0,6.100000000000364,2026-02-20 11:42:00+09:00,92.21000000000004,2026-02-21 03:57:00+09:00,1200.0,False
2026-02-23,BUY,Valid,2026-02-23 08:00:00+09:00,5165.43,0.04,5190.43,5155.43,SL,2026-02-23 08:00:00+09:00,5155.43,-10.0,53.659999999999854,2026-02-24 00:26:00+09:00,43.100000000000364,2026-02-23 16:31:00+09:00,1200.0,False
2026-02-23,SELL,Valid,2026-02-23 08:00:00+09:00,5165.39,0.04,5140.39,5175.39,TP,2026-02-23 08:01:00+09:00,5140.39,25.0,43.02000000000044,2026-02-23 16:31:00+09:00,53.73999999999978,2026-02-24 00:26:00+09:00,1200.0,False
2026-02-24,BUY,Valid,2026-02-24 08:00:00+09:00,5235.76,0.04,5260.76,5225.76,SL,2026-02-24 08:01:00+09:00,5225.76,-10.0,2.449999999999818,2026-02-24 08:21:00+09:00,141.6199999999999,2026-02-24 22:13:00+09:00,1199.0,False
2026-02-24,SELL,Valid,2026-02-24 08:00:00+09:00,5235.72,0.04,5210.72,5245.72,TP,2026-02-24 09:00:00+09:00,5210.72,25.0,141.53999999999996,2026-02-24 22:13:00+09:00,2.5299999999997453,2026-02-24 08:21:00+09:00,1199.0,False
2026-02-25,BUY,Valid,2026-02-25 08:00:00+09:00,5146.65,0.04,5171.65,5136.65,TP,2026-02-25 09:09:00+09:00,5171.65,25.0,71.15000000000055,2026-02-26 01:12:00+09:00,9.670000000000073,2026-02-25 08:07:00+09:00,1200.0,False
2026-02-25,SELL,Valid,2026-02-25 08:00:00+09:00,5146.61,0.04,5121.61,5156.61,SL,2026-02-25 09:03:00+09:00,5156.61,-10.0,9.590000000000146,2026-02-25 08:07:00+09:00,71.23000000000047,2026-02-26 01:12:00+09:00,1200.0,False
2026-02-26,BUY,Candle 04:00 tidak tersedia,,,,,,DATA_UNAVAILABLE,,,,,,,,,
2026-02-26,SELL,Candle 04:00 tidak tersedia,,,,,,DATA_UNAVAILABLE,,,,,,,,,
2026-02-27,BUY,Candle 08:00 tidak tersedia,,,,,,DATA_UNAVAILABLE,,,,,,,,,
2026-02-27,SELL,Candle 08:00 tidak tersedia,,,,,,DATA_UNAVAILABLE,,,,,,,,,
2026-03-02,BUY,Valid,2026-03-02 08:00:00+09:00,5387.11,0.04,5412.11,5377.11,SL,2026-03-02 08:01:00+09:00,5377.11,-10.0,32.150000000000546,2026-03-02 15:20:00+09:00,126.33999999999924,2026-03-03 00:02:00+09:00,1200.0,False
2026-03-02,SELL,Valid,2026-03-02 08:00:00+09:00,5387.07,0.04,5362.07,5397.07,TP,2026-03-02 08:17:00+09:00,5362.07,25.0,126.25999999999931,2026-03-03 00:02:00+09:00,32.23000000000047,2026-03-02 15:20:00+09:00,1200.0,False
2026-03-03,BUY,Valid,2026-03-03 08:00:00+09:00,5346.06,0.04,5371.06,5336.06,TP,2026-03-03 09:07:00+09:00,5371.06,25.0,33.81999999999971,2026-03-03 09:25:00+09:00,350.09000000000015,2026-03-03 23:17:00+09:00,1200.0,False
2026-03-03,SELL,Valid,2026-03-03 08:00:00+09:00,5346.02,0.04,5321.02,5356.02,SL,2026-03-03 08:17:00+09:00,5356.02,-10.0,350.0100000000002,2026-03-03 23:17:00+09:00,33.899999999999636,2026-03-03 09:25:00+09:00,1200.0,False
2026-03-04,BUY,Valid,2026-03-04 08:00:00+09:00,5125.43,0.04,5150.43,5115.43,SL,2026-03-04 08:01:00+09:00,5115.43,-10.0,80.71000000000004,2026-03-04 20:04:00+09:00,19.460000000000036,2026-03-04 08:03:00+09:00,1200.0,False
2026-03-04,SELL,Valid,2026-03-04 08:00:00+09:00,5125.39,0.04,5100.39,5135.39,SL,2026-03-04 08:43:00+09:00,5135.39,-10.0,19.38000000000011,2026-03-04 08:03:00+09:00,80.78999999999996,2026-03-04 20:04:00+09:00,1200.0,False
2026-03-05,BUY,Valid,2026-03-05 08:00:00+09:00,5165.22,0.04,5190.22,5155.22,TP,2026-03-05 10:56:00+09:00,5190.22,25.0,29.789999999999964,2026-03-05 11:05:00+09:00,114.34000000000015,2026-03-06 02:03:00+09:00,1200.0,False
2026-03-05,SELL,Valid,2026-03-05 08:00:00+09:00,5165.18,0.04,5140.18,5175.18,SL,2026-03-05 08:18:00+09:00,5175.18,-10.0,114.26000000000022,2026-03-06 02:03:00+09:00,29.86999999999989,2026-03-05 11:05:00+09:00,1200.0,False
2026-03-06,BUY,Valid,2026-03-06 08:00:00+09:00,5086.29,0.04,5111.29,5076.29,SL,2026-03-06 08:00:00+09:00,5076.29,-10.0,88.35000000000036,2026-03-07 03:17:00+09:00,23.470000000000255,2026-03-06 19:56:00+09:00,1200.0,False
2026-03-06,SELL,Valid,2026-03-06 08:00:00+09:00,5086.25,0.04,5061.25,5096.25,SL,2026-03-06 09:33:00+09:00,5096.25,-10.0,23.390000000000327,2026-03-06 19:56:00+09:00,88.43000000000029,2026-03-07 03:17:00+09:00,1200.0,False
2026-03-09,BUY,Valid,2026-03-09 08:00:00+09:00,5076.14,0.04,5101.14,5066.14,SL,2026-03-09 08:02:00+09:00,5066.14,-10.0,67.96999999999935,2026-03-10 03:59:00+09:00,61.43000000000029,2026-03-09 09:01:00+09:00,1200.0,False
2026-03-09,SELL,Valid,2026-03-09 08:00:00+09:00,5076.1,0.04,5051.1,5086.1,TP,2026-03-09 08:09:00+09:00,5051.1,25.0,61.350000000000364,2026-03-09 09:01:00+09:00,68.04999999999927,2026-03-10 03:59:00+09:00,1200.0,False
2026-03-10,BUY,Valid,2026-03-10 08:00:00+09:00,5139.74,0.04,5164.74,5129.74,SL,2026-03-10 08:23:00+09:00,5129.74,-10.0,98.8100000000004,2026-03-10 23:45:00+09:00,15.090000000000146,2026-03-10 09:00:00+09:00,1200.0,False
2026-03-10,SELL,Valid,2026-03-10 08:00:00+09:00,5139.7,0.04,5114.7,5149.7,SL,2026-03-10 09:05:00+09:00,5149.7,-10.0,15.010000000000218,2026-03-10 09:00:00+09:00,98.89000000000033,2026-03-10 23:45:00+09:00,1200.0,False
2026-03-11,BUY,Valid,2026-03-11 08:00:00+09:00,5197.35,0.04,5222.35,5187.35,SL,2026-03-11 08:09:00+09:00,5187.35,-10.0,25.9399999999996,2026-03-11 09:03:00+09:00,48.07000000000062,2026-03-11 21:52:00+09:00,1200.0,False
2026-03-11,SELL,Valid,2026-03-11 08:00:00+09:00,5197.31,0.04,5172.31,5207.31,SL,2026-03-11 08:21:00+09:00,5207.31,-10.0,47.99000000000069,2026-03-11 21:52:00+09:00,26.019999999999527,2026-03-11 09:03:00+09:00,1200.0,False
2026-03-12,BUY,Valid,2026-03-12 08:00:00+09:00,5134.28,0.04,5159.28,5124.28,TP,2026-03-12 08:37:00+09:00,5159.28,25.0,57.42000000000007,2026-03-12 18:06:00+09:00,54.659999999999854,2026-03-13 03:03:00+09:00,1200.0,False
2026-03-12,SELL,Valid,2026-03-12 08:00:00+09:00,5134.24,0.04,5109.24,5144.24,SL,2026-03-12 08:18:00+09:00,5144.24,-10.0,54.57999999999993,2026-03-13 03:03:00+09:00,57.5,2026-03-12 18:06:00+09:00,1200.0,False
2026-03-13,BUY,Valid,2026-03-13 08:00:00+09:00,5098.08,0.04,5123.08,5088.08,TP,2026-03-13 09:59:00+09:00,5123.08,25.0,30.449999999999818,2026-03-13 10:00:00+09:00,88.42000000000007,2026-03-14 03:52:00+09:00,1200.0,False
2026-03-13,SELL,Valid,2026-03-13 08:00:00+09:00,5098.04,0.04,5073.04,5108.04,SL,2026-03-13 08:13:00+09:00,5108.04,-10.0,88.34000000000015,2026-03-14 03:52:00+09:00,30.529999999999745,2026-03-13 10:00:00+09:00,1200.0,False
2026-03-16,BUY,Valid,2026-03-16 08:00:00+09:00,4997.65,0.04,5022.65,4987.65,TP,2026-03-16 08:04:00+09:00,5022.65,25.0,40.410000000000764,2026-03-16 22:08:00+09:00,27.539999999999964,2026-03-16 18:02:00+09:00,1200.0,False
2026-03-16,SELL,Valid,2026-03-16 08:00:00+09:00,4997.61,0.04,4972.61,5007.61,SL,2026-03-16 08:00:00+09:00,5007.61,-10.0,27.460000000000036,2026-03-16 18:02:00+09:00,40.49000000000069,2026-03-16 22:08:00+09:00,1200.0,False
2026-03-17,BUY,Valid,2026-03-17 08:00:00+09:00,5012.91,0.04,5037.91,5002.91,SL,2026-03-17 08:09:00+09:00,5002.91,-10.0,31.61999999999989,2026-03-17 13:17:00+09:00,39.399999999999636,2026-03-17 23:41:00+09:00,1200.0,False
2026-03-17,SELL,Valid,2026-03-17 08:00:00+09:00,5012.87,0.04,4987.87,5022.87,SL,2026-03-17 09:50:00+09:00,5022.87,-10.0,39.31999999999971,2026-03-17 23:41:00+09:00,31.699999999999818,2026-03-17 13:17:00+09:00,1200.0,False
2026-03-18,BUY,Valid,2026-03-18 08:00:00+09:00,5002.96,0.04,5027.96,4992.96,SL,2026-03-18 09:52:00+09:00,4992.96,-10.0,13.340000000000146,2026-03-18 14:36:00+09:00,168.78999999999996,2026-03-18 21:18:00+09:00,1200.0,False
2026-03-18,SELL,Valid,2026-03-18 08:00:00+09:00,5002.92,0.04,4977.92,5012.92,SL,2026-03-18 09:10:00+09:00,5012.92,-10.0,168.71000000000004,2026-03-18 21:18:00+09:00,13.420000000000073,2026-03-18 14:36:00+09:00,1200.0,False
2026-03-19,BUY,Valid,2026-03-19 08:00:00+09:00,4836.91,0.04,4861.91,4826.91,TP,2026-03-19 09:39:00+09:00,4861.91,25.0,30.039999999999964,2026-03-19 09:41:00+09:00,334.34000000000015,2026-03-19 21:02:00+09:00,1200.0,False
2026-03-19,SELL,Valid,2026-03-19 08:00:00+09:00,4836.87,0.04,4811.87,4846.87,SL,2026-03-19 08:06:00+09:00,4846.87,-10.0,334.2600000000002,2026-03-19 21:02:00+09:00,30.11999999999989,2026-03-19 09:41:00+09:00,1200.0,False
2026-03-20,BUY,Valid,2026-03-20 08:00:00+09:00,4643.67,0.04,4668.67,4633.67,TP,2026-03-20 09:04:00+09:00,4668.67,25.0,92.17000000000007,2026-03-20 11:27:00+09:00,166.39999999999964,2026-03-21 02:57:00+09:00,1200.0,False
2026-03-20,SELL,Valid,2026-03-20 08:00:00+09:00,4643.63,0.04,4618.63,4653.63,SL,2026-03-20 08:07:00+09:00,4653.63,-10.0,166.3199999999997,2026-03-21 02:57:00+09:00,92.25,2026-03-20 11:27:00+09:00,1200.0,False
2026-03-23,BUY,Valid,2026-03-23 08:00:00+09:00,4464.6,0.04,4489.6,4454.6,SL,2026-03-23 08:02:00+09:00,4454.6,-10.0,48.210000000000036,2026-03-23 22:26:00+09:00,366.0700000000006,2026-03-23 15:22:00+09:00,1200.0,False
2026-03-23,SELL,Valid,2026-03-23 08:00:00+09:00,4464.56,0.04,4439.56,4474.56,TP,2026-03-23 08:03:00+09:00,4439.56,25.0,365.9900000000007,2026-03-23 15:22:00+09:00,48.289999999999964,2026-03-23 22:26:00+09:00,1200.0,False
2026-03-24,BUY,Valid,2026-03-24 08:00:00+09:00,4441.04,0.04,4466.04,4431.04,SL,2026-03-24 08:03:00+09:00,4431.04,-10.0,5.470000000000255,2026-03-24 08:00:00+09:00,135.14999999999964,2026-03-24 10:12:00+09:00,1200.0,False
2026-03-24,SELL,Valid,2026-03-24 08:00:00+09:00,4441.0,0.04,4416.0,4451.0,TP,2026-03-24 08:15:00+09:00,4416.0,25.0,135.0699999999997,2026-03-24 10:12:00+09:00,5.550000000000182,2026-03-24 08:00:00+09:00,1200.0,False
2026-03-25,BUY,Valid,2026-03-25 08:00:00+09:00,4546.69,0.04,4571.69,4536.69,TP,2026-03-25 08:45:00+09:00,4571.69,25.0,55.77000000000044,2026-03-25 10:46:00+09:00,59.69999999999982,2026-03-26 03:11:00+09:00,1200.0,False
2026-03-25,SELL,Valid,2026-03-25 08:00:00+09:00,4546.65,0.04,4521.65,4556.65,SL,2026-03-25 08:27:00+09:00,4556.65,-10.0,59.61999999999989,2026-03-26 03:11:00+09:00,55.850000000000364,2026-03-25 10:46:00+09:00,1200.0,False
2026-03-26,BUY,Valid,2026-03-26 08:00:00+09:00,4498.39,0.04,4523.39,4488.39,TP,2026-03-26 08:13:00+09:00,4523.39,25.0,46.029999999999745,2026-03-26 09:03:00+09:00,139.28999999999996,2026-03-27 03:58:00+09:00,1200.0,False
2026-03-26,SELL,Valid,2026-03-26 08:00:00+09:00,4498.35,0.04,4473.35,4508.35,SL,2026-03-26 08:00:00+09:00,4508.35,-10.0,139.21000000000004,2026-03-27 03:58:00+09:00,46.10999999999967,2026-03-26 09:03:00+09:00,1200.0,False
2026-03-27,BUY,Valid,2026-03-27 08:00:00+09:00,4405.24,0.04,4430.24,4395.24,SL,2026-03-27 08:20:00+09:00,4395.24,-10.0,150.02000000000044,2026-03-27 23:23:00+09:00,29.859999999999673,2026-03-27 08:59:00+09:00,1200.0,False
2026-03-27,SELL,Valid,2026-03-27 08:00:00+09:00,4405.2,0.04,4380.2,4415.2,TP,2026-03-27 08:51:00+09:00,4380.2,25.0,29.779999999999745,2026-03-27 08:59:00+09:00,150.10000000000036,2026-03-27 23:23:00+09:00,1200.0,False
2026-03-30,BUY,Valid,2026-03-30 08:00:00+09:00,4485.09,0.04,4510.09,4475.09,SL,2026-03-30 08:06:00+09:00,4475.09,-10.0,95.51000000000022,2026-03-30 20:51:00+09:00,65.5600000000004,2026-03-30 09:13:00+09:00,1200.0,False
2026-03-30,SELL,Valid,2026-03-30 08:00:00+09:00,4485.05,0.04,4460.05,4495.05,TP,2026-03-30 08:32:00+09:00,4460.05,25.0,65.48000000000047,2026-03-30 09:13:00+09:00,95.59000000000015,2026-03-30 20:51:00+09:00,1200.0,False
2026-03-31,BUY,Valid,2026-03-31 08:00:00+09:00,4510.91,0.04,4535.91,4500.91,SL,2026-03-31 08:04:00+09:00,4500.91,-10.0,160.21000000000004,2026-04-01 03:38:00+09:00,28.31999999999971,2026-03-31 09:23:00+09:00,1200.0,False
2026-03-31,SELL,Valid,2026-03-31 08:00:00+09:00,4510.87,0.04,4485.87,4520.87,SL,2026-03-31 08:50:00+09:00,4520.87,-10.0,28.23999999999978,2026-03-31 09:23:00+09:00,160.28999999999996,2026-04-01 03:38:00+09:00,1200.0,False
2026-04-01,BUY,Valid,2026-04-01 08:00:00+09:00,4680.88,0.04,4705.88,4670.88,TP,2026-04-01 09:15:00+09:00,4705.88,25.0,112.19999999999982,2026-04-02 02:06:00+09:00,13.819999999999709,2026-04-01 13:18:00+09:00,1200.0,False
2026-04-01,SELL,Valid,2026-04-01 08:00:00+09:00,4680.84,0.04,4655.84,4690.84,SL,2026-04-01 08:39:00+09:00,4690.84,-10.0,13.739999999999782,2026-04-01 13:18:00+09:00,112.27999999999975,2026-04-02 02:06:00+09:00,1200.0,False
2026-04-02,BUY,Valid,2026-04-02 08:00:00+09:00,4776.47,0.04,4801.47,4766.47,SL,2026-04-02 10:03:00+09:00,4766.47,-10.0,23.979999999999563,2026-04-02 08:30:00+09:00,222.6300000000001,2026-04-02 15:11:00+09:00,1200.0,False
2026-04-02,SELL,Valid,2026-04-02 08:00:00+09:00,4776.43,0.04,4751.43,4786.43,SL,2026-04-02 08:06:00+09:00,4786.43,-10.0,222.55000000000018,2026-04-02 15:11:00+09:00,24.05999999999949,2026-04-02 08:30:00+09:00,1200.0,False
2026-04-06,BUY,Valid,2026-04-06 08:00:00+09:00,4645.71,0.04,4670.71,4635.71,SL,2026-04-06 08:03:00+09:00,4635.71,-10.0,60.899999999999636,2026-04-06 18:43:00+09:00,44.94999999999982,2026-04-06 09:27:00+09:00,1200.0,False
2026-04-06,SELL,Valid,2026-04-06 08:00:00+09:00,4645.67,0.04,4620.67,4655.67,TP,2026-04-06 08:23:00+09:00,4620.67,25.0,44.86999999999989,2026-04-06 09:27:00+09:00,60.97999999999956,2026-04-06 18:43:00+09:00,1200.0,False
2026-04-07,BUY,Valid,2026-04-07 08:00:00+09:00,4658.4,0.04,4683.4,4648.4,SL,2026-04-07 10:00:00+09:00,4648.4,-10.0,36.090000000000146,2026-04-07 18:26:00+09:00,51.11999999999989,2026-04-07 23:06:00+09:00,1200.0,False
2026-04-07,SELL,Valid,2026-04-07 08:00:00+09:00,4658.36,0.04,4633.36,4668.36,TP,2026-04-07 10:00:00+09:00,4633.36,25.0,51.039999999999964,2026-04-07 23:06:00+09:00,36.17000000000007,2026-04-07 18:26:00+09:00,1200.0,False
2026-04-08,BUY,Valid,2026-04-08 08:00:00+09:00,4818.21,0.04,4843.21,4808.21,SL,2026-04-08 08:00:00+09:00,4808.21,-10.0,39.5,2026-04-08 09:06:00+09:00,114.63000000000011,2026-04-09 03:56:00+09:00,1200.0,False
2026-04-08,SELL,Valid,2026-04-08 08:00:00+09:00,4818.17,0.04,4793.17,4828.17,SL,2026-04-08 08:23:00+09:00,4828.17,-10.0,114.55000000000018,2026-04-09 03:56:00+09:00,39.57999999999993,2026-04-08 09:06:00+09:00,1200.0,False
2026-04-09,BUY,Valid,2026-04-09 08:00:00+09:00,4717.72,0.04,4742.72,4707.72,SL,2026-04-09 08:09:00+09:00,4707.72,-10.0,83.5,2026-04-10 02:40:00+09:00,19.100000000000364,2026-04-09 09:07:00+09:00,1200.0,False
2026-04-09,SELL,Valid,2026-04-09 08:00:00+09:00,4717.68,0.04,4692.68,4727.68,SL,2026-04-09 10:57:00+09:00,4727.68,-10.0,19.020000000000437,2026-04-09 09:07:00+09:00,83.57999999999993,2026-04-10 02:40:00+09:00,1200.0,False
2026-04-10,BUY,Valid,2026-04-10 08:00:00+09:00,4764.22,0.04,4789.22,4754.22,SL,2026-04-10 09:01:00+09:00,4754.22,-10.0,30.80999999999949,2026-04-10 23:31:00+09:00,33.539999999999964,2026-04-10 17:53:00+09:00,1200.0,False
2026-04-10,SELL,Valid,2026-04-10 08:00:00+09:00,4764.18,0.04,4739.18,4774.18,SL,2026-04-10 10:36:00+09:00,4774.18,-10.0,33.460000000000036,2026-04-10 17:53:00+09:00,30.889999999999418,2026-04-10 23:31:00+09:00,1200.0,False
2026-04-13,BUY,Valid,2026-04-13 08:00:00+09:00,4659.12,0.04,4684.12,4649.12,SL,2026-04-13 08:18:00+09:00,4649.12,-10.0,91.0,2026-04-14 02:28:00+09:00,14.9399999999996,2026-04-13 08:21:00+09:00,1200.0,False
2026-04-13,SELL,Valid,2026-04-13 08:00:00+09:00,4659.08,0.04,4634.08,4669.08,SL,2026-04-13 08:52:00+09:00,4669.08,-10.0,14.859999999999673,2026-04-13 08:21:00+09:00,91.07999999999993,2026-04-14 02:28:00+09:00,1200.0,False
2026-04-14,BUY,Valid,2026-04-14 08:00:00+09:00,4758.03,0.04,4783.03,4748.03,TP,2026-04-14 15:58:00+09:00,4783.03,25.0,85.35000000000036,2026-04-15 03:10:00+09:00,6.380000000000109,2026-04-14 09:00:00+09:00,1200.0,False
2026-04-14,SELL,Valid,2026-04-14 08:00:00+09:00,4757.99,0.04,4732.99,4767.99,SL,2026-04-14 09:31:00+09:00,4767.99,-10.0,6.300000000000182,2026-04-14 09:00:00+09:00,85.43000000000029,2026-04-15 03:10:00+09:00,1200.0,False
2026-04-15,BUY,Valid,2026-04-15 08:00:00+09:00,4835.16,0.04,4860.16,4825.16,TP,2026-04-15 10:16:00+09:00,4860.16,25.0,36.26000000000022,2026-04-15 10:18:00+09:00,48.82999999999993,2026-04-15 18:47:00+09:00,1200.0,False
2026-04-15,SELL,Valid,2026-04-15 08:00:00+09:00,4835.12,0.04,4810.12,4845.12,SL,2026-04-15 10:11:00+09:00,4845.12,-10.0,48.75,2026-04-15 18:47:00+09:00,36.340000000000146,2026-04-15 10:18:00+09:00,1200.0,False
2026-04-16,BUY,Valid,2026-04-16 08:00:00+09:00,4807.650000000001,0.09,4832.650000000001,4797.650000000001,TP,2026-04-16 09:40:00+09:00,4832.650000000001,25.0,30.729999999999563,2026-04-16 14:06:00+09:00,34.50000000000091,2026-04-16 23:40:00+09:00,1200.0,False
2026-04-16,SELL,Valid,2026-04-16 08:00:00+09:00,4807.56,0.09,4782.56,4817.56,SL,2026-04-16 08:30:00+09:00,4817.56,-10.0,34.3700000000008,2026-04-16 23:40:00+09:00,30.859999999999673,2026-04-16 14:06:00+09:00,1200.0,False
2026-04-17,BUY,Valid,2026-04-17 08:00:00+09:00,4795.32,0.04,4820.32,4785.32,SL,2026-04-17 10:09:00+09:00,4785.32,-10.0,94.32000000000062,2026-04-17 22:13:00+09:00,27.729999999999563,2026-04-17 10:30:00+09:00,1200.0,False
2026-04-17,SELL,Valid,2026-04-17 08:00:00+09:00,4795.28,0.04,4770.28,4805.28,TP,2026-04-17 10:12:00+09:00,4770.28,25.0,27.649999999999636,2026-04-17 10:30:00+09:00,94.40000000000055,2026-04-17 22:13:00+09:00,1200.0,False
2026-04-20,BUY,Valid,2026-04-20 08:00:00+09:00,4779.41,0.04,4804.41,4769.41,SL,2026-04-20 08:23:00+09:00,4769.41,-10.0,48.19999999999982,2026-04-20 23:30:00+09:00,42.47999999999956,2026-04-20 08:46:00+09:00,1200.0,False
2026-04-20,SELL,Valid,2026-04-20 08:00:00+09:00,4779.37,0.04,4754.37,4789.37,TP,2026-04-20 08:43:00+09:00,4754.37,25.0,42.399999999999636,2026-04-20 08:46:00+09:00,48.279999999999745,2026-04-20 23:30:00+09:00,1200.0,False
2026-04-21,BUY,Valid,2026-04-21 08:00:00+09:00,4827.66,0.04,4852.66,4817.66,SL,2026-04-21 09:32:00+09:00,4817.66,-10.0,4.039999999999964,2026-04-21 08:00:00+09:00,135.30000000000018,2026-04-22 03:28:00+09:00,1200.0,False
2026-04-21,SELL,Valid,2026-04-21 08:00:00+09:00,4827.62,0.04,4802.62,4837.62,TP,2026-04-21 11:31:00+09:00,4802.62,25.0,135.22000000000025,2026-04-22 03:28:00+09:00,4.119999999999891,2026-04-21 08:00:00+09:00,1200.0,False
2026-04-22,BUY,Valid,2026-04-22 08:00:00+09:00,4719.61,0.04,4744.61,4709.61,TP,2026-04-22 09:02:00+09:00,4744.61,25.0,52.74000000000069,2026-04-22 16:08:00+09:00,1.4899999999997817,2026-04-22 08:00:00+09:00,1200.0,False
2026-04-22,SELL,Valid,2026-04-22 08:00:00+09:00,4719.57,0.04,4694.57,4729.57,SL,2026-04-22 08:13:00+09:00,4729.57,-10.0,1.4099999999998545,2026-04-22 08:00:00+09:00,52.82000000000062,2026-04-22 16:08:00+09:00,1200.0,False
2026-04-23,BUY,Valid,2026-04-23 08:00:00+09:00,4726.04,0.04,4751.04,4716.04,SL,2026-04-23 09:09:00+09:00,4716.04,-10.0,27.579999999999927,2026-04-23 09:52:00+09:00,61.710000000000036,2026-04-24 02:46:00+09:00,1200.0,False
2026-04-23,SELL,Valid,2026-04-23 08:00:00+09:00,4726.0,0.04,4701.0,4736.0,TP,2026-04-23 09:14:00+09:00,4701.0,25.0,61.63000000000011,2026-04-24 02:46:00+09:00,27.659999999999854,2026-04-23 09:52:00+09:00,1200.0,False
2026-04-24,BUY,Valid,2026-04-24 08:00:00+09:00,4693.17,0.04,4718.17,4683.17,SL,2026-04-24 11:26:00+09:00,4683.17,-10.0,47.11999999999989,2026-04-24 23:13:00+09:00,35.43000000000029,2026-04-24 13:31:00+09:00,1200.0,False
2026-04-24,SELL,Valid,2026-04-24 08:00:00+09:00,4693.13,0.04,4668.13,4703.13,SL,2026-04-24 09:27:00+09:00,4703.13,-10.0,35.350000000000364,2026-04-24 13:31:00+09:00,47.19999999999982,2026-04-24 23:13:00+09:00,1200.0,False
2026-04-27,BUY,Valid,2026-04-27 08:00:00+09:00,4684.73,0.04,4709.73,4674.73,SL,2026-04-27 09:07:00+09:00,4674.73,-10.0,45.38000000000011,2026-04-27 13:34:00+09:00,17.50999999999931,2026-04-28 01:00:00+09:00,1200.0,False
2026-04-27,SELL,Valid,2026-04-27 08:00:00+09:00,4684.69,0.04,4659.69,4694.69,SL,2026-04-27 09:58:00+09:00,4694.69,-10.0,17.42999999999938,2026-04-28 01:00:00+09:00,45.460000000000036,2026-04-27 13:34:00+09:00,1200.0,False
2026-04-28,BUY,Valid,2026-04-28 08:00:00+09:00,4687.97,0.04,4712.97,4677.97,SL,2026-04-28 10:56:00+09:00,4677.97,-10.0,13.269999999999527,2026-04-28 09:09:00+09:00,133.14000000000033,2026-04-28 21:01:00+09:00,1200.0,False
2026-04-28,SELL,Valid,2026-04-28 08:00:00+09:00,4687.93,0.04,4662.93,4697.93,SL,2026-04-28 09:05:00+09:00,4697.93,-10.0,133.0600000000004,2026-04-28 21:01:00+09:00,13.349999999999454,2026-04-28 09:09:00+09:00,1200.0,False
2026-04-29,BUY,Valid,2026-04-29 08:00:00+09:00,4594.12,0.04,4619.12,4584.12,SL,2026-04-29 10:04:00+09:00,4584.12,-10.0,16.13000000000011,2026-04-29 09:12:00+09:00,84.09999999999945,2026-04-29 22:45:00+09:00,1200.0,False
2026-04-29,SELL,Valid,2026-04-29 08:00:00+09:00,4594.08,0.04,4569.08,4604.08,SL,2026-04-29 09:01:00+09:00,4604.08,-10.0,84.01999999999953,2026-04-29 22:45:00+09:00,16.210000000000036,2026-04-29 09:12:00+09:00,1200.0,False
2026-04-30,BUY,Valid,2026-04-30 08:00:00+09:00,4552.16,0.04,4577.16,4542.16,TP,2026-04-30 10:28:00+09:00,4577.16,25.0,94.73000000000047,2026-04-30 19:30:00+09:00,11.229999999999563,2026-04-30 13:35:00+09:00,1200.0,False
2026-04-30,SELL,Valid,2026-04-30 08:00:00+09:00,4552.12,0.04,4527.12,4562.12,SL,2026-04-30 09:00:00+09:00,4562.12,-10.0,11.149999999999636,2026-04-30 13:35:00+09:00,94.8100000000004,2026-04-30 19:30:00+09:00,1200.0,False
2026-05-01,BUY,Valid,2026-05-01 08:00:00+09:00,4630.34,0.04,4655.34,4620.34,SL,2026-05-01 09:36:00+09:00,4620.34,-10.0,29.81999999999971,2026-05-01 23:15:00+09:00,70.23999999999978,2026-05-01 18:58:00+09:00,1200.0,False
2026-05-01,SELL,Valid,2026-05-01 08:00:00+09:00,4630.3,0.04,4605.3,4640.3,TP,2026-05-01 14:56:00+09:00,4605.3,25.0,70.15999999999985,2026-05-01 18:58:00+09:00,29.899999999999636,2026-05-01 23:15:00+09:00,1200.0,False
2026-05-04,BUY,Valid,2026-05-04 08:00:00+09:00,4618.84,0.04,4643.84,4608.84,SL,2026-05-04 09:01:00+09:00,4608.84,-10.0,2.0100000000002183,2026-05-04 08:04:00+09:00,117.86000000000058,2026-05-05 01:10:00+09:00,1200.0,False
2026-05-04,SELL,Valid,2026-05-04 08:00:00+09:00,4618.8,0.04,4593.8,4628.8,TP,2026-05-04 10:30:00+09:00,4593.8,25.0,117.78000000000065,2026-05-05 01:10:00+09:00,2.0900000000001455,2026-05-04 08:04:00+09:00,1200.0,False
2026-05-05,BUY,Valid,2026-05-05 08:00:00+09:00,4517.57,0.04,4542.57,4507.57,TP,2026-05-05 11:02:00+09:00,4542.57,25.0,69.21000000000004,2026-05-05 23:29:00+09:00,3.969999999999345,2026-05-05 09:27:00+09:00,1200.0,False
2026-05-05,SELL,Valid,2026-05-05 08:00:00+09:00,4517.53,0.04,4492.53,4527.53,SL,2026-05-05 09:13:00+09:00,4527.53,-10.0,3.889999999999418,2026-05-05 09:27:00+09:00,69.28999999999996,2026-05-05 23:29:00+09:00,1200.0,False
2026-05-06,BUY,Valid,2026-05-06 08:00:00+09:00,4573.41,0.04,4598.41,4563.41,TP,2026-05-06 09:20:00+09:00,4598.41,25.0,149.46000000000004,2026-05-06 19:54:00+09:00,3.869999999999891,2026-05-06 08:03:00+09:00,1200.0,False
2026-05-06,SELL,Valid,2026-05-06 08:00:00+09:00,4573.37,0.04,4548.37,4583.37,SL,2026-05-06 08:11:00+09:00,4583.37,-10.0,3.7899999999999636,2026-05-06 08:03:00+09:00,149.53999999999996,2026-05-06 19:54:00+09:00,1200.0,False
2026-05-07,BUY,Valid,2026-05-07 08:00:00+09:00,4694.92,0.04,4719.92,4684.92,TP,2026-05-07 10:48:00+09:00,4719.92,25.0,69.89000000000033,2026-05-08 00:00:00+09:00,9.710000000000036,2026-05-07 10:01:00+09:00,1200.0,False
2026-05-07,SELL,Valid,2026-05-07 08:00:00+09:00,4694.88,0.04,4669.88,4704.88,SL,2026-05-07 10:10:00+09:00,4704.88,-10.0,9.63000000000011,2026-05-07 10:01:00+09:00,69.97000000000025,2026-05-08 00:00:00+09:00,1200.0,False
2026-05-08,BUY,Valid,2026-05-08 08:00:00+09:00,4685.91,0.04,4710.91,4675.91,TP,2026-05-08 10:01:00+09:00,4710.91,25.0,63.600000000000364,2026-05-08 23:00:00+09:00,1.3599999999996726,2026-05-08 08:00:00+09:00,1200.0,False
2026-05-08,SELL,Valid,2026-05-08 08:00:00+09:00,4685.87,0.04,4660.87,4695.87,SL,2026-05-08 08:20:00+09:00,4695.87,-10.0,1.2799999999997453,2026-05-08 08:00:00+09:00,63.68000000000029,2026-05-08 23:00:00+09:00,1200.0,False
2026-05-11,BUY,Valid,2026-05-11 08:00:00+09:00,4691.87,0.04,4716.87,4681.87,SL,2026-05-11 09:13:00+09:00,4681.87,-10.0,56.75,2026-05-11 22:46:00+09:00,43.72999999999956,2026-05-11 14:56:00+09:00,1200.0,False
2026-05-11,SELL,Valid,2026-05-11 08:00:00+09:00,4691.83,0.04,4666.83,4701.83,SL,2026-05-11 10:22:00+09:00,4701.83,-10.0,43.649999999999636,2026-05-11 14:56:00+09:00,56.82999999999993,2026-05-11 22:46:00+09:00,1200.0,False
2026-05-12,BUY,Valid,2026-05-12 08:00:00+09:00,4750.91,0.04,4775.91,4740.91,SL,2026-05-12 10:26:00+09:00,4740.91,-10.0,22.51000000000022,2026-05-12 09:18:00+09:00,112.59000000000015,2026-05-13 00:25:00+09:00,1200.0,False
2026-05-12,SELL,Valid,2026-05-12 08:00:00+09:00,4750.87,0.04,4725.87,4760.87,SL,2026-05-12 08:48:00+09:00,4760.87,-10.0,112.51000000000022,2026-05-13 00:25:00+09:00,22.590000000000146,2026-05-12 09:18:00+09:00,1200.0,False
2026-05-13,BUY,Valid,2026-05-13 08:00:00+09:00,4717.0,0.04,4742.0,4707.0,SL,2026-05-13 10:17:00+09:00,4707.0,-10.0,10.010000000000218,2026-05-13 09:05:00+09:00,47.55000000000018,2026-05-13 22:49:00+09:00,1200.0,False
2026-05-13,SELL,Valid,2026-05-13 08:00:00+09:00,4716.96,0.04,4691.96,4726.96,SL,2026-05-13 09:05:00+09:00,4726.96,-10.0,47.470000000000255,2026-05-13 22:49:00+09:00,10.090000000000146,2026-05-13 09:05:00+09:00,1200.0,False
2026-05-14,BUY,Valid,2026-05-14 08:00:00+09:00,4700.22,0.16,4725.22,4690.22,SL,2026-05-14 09:03:00+09:00,4690.22,-10.0,18.539999999999964,2026-05-14 16:36:00+09:00,33.57000000000062,2026-05-14 22:42:00+09:00,1200.0,False
2026-05-14,SELL,Valid,2026-05-14 08:00:00+09:00,4700.06,0.16,4675.06,4710.06,TP,2026-05-14 12:48:00+09:00,4675.06,25.0,33.3700000000008,2026-05-14 22:42:00+09:00,18.73999999999978,2026-05-14 16:36:00+09:00,1200.0,False
2026-05-15,BUY,Valid,2026-05-15 08:00:00+09:00,4662.43,0.04,4687.43,4652.43,SL,2026-05-15 08:34:00+09:00,4652.43,-10.0,2.8499999999994543,2026-05-15 08:30:00+09:00,150.67000000000007,2026-05-15 22:45:00+09:00,1200.0,False
2026-05-15,SELL,Valid,2026-05-15 08:00:00+09:00,4662.39,0.04,4637.39,4672.39,TP,2026-05-15 09:25:00+09:00,4637.39,25.0,150.59000000000015,2026-05-15 22:45:00+09:00,2.9299999999993815,2026-05-15 08:30:00+09:00,1200.0,False
2026-05-18,BUY,Valid,2026-05-18 08:00:00+09:00,4546.23,0.04,4571.23,4536.23,SL,2026-05-18 08:30:00+09:00,4536.23,-10.0,38.04000000000087,2026-05-18 22:55:00+09:00,65.92999999999938,2026-05-18 09:45:00+09:00,1200.0,False
2026-05-18,SELL,Valid,2026-05-18 08:00:00+09:00,4546.19,0.04,4521.19,4556.19,TP,2026-05-18 09:24:00+09:00,4521.19,25.0,65.84999999999945,2026-05-18 09:45:00+09:00,38.1200000000008,2026-05-18 22:55:00+09:00,1200.0,False
2026-05-19,BUY,Valid,2026-05-19 08:00:00+09:00,4573.91,0.04,4598.91,4563.91,SL,2026-05-19 09:59:00+09:00,4563.91,-10.0,15.329999999999927,2026-05-19 09:02:00+09:00,109.22999999999956,2026-05-19 22:31:00+09:00,1200.0,False
2026-05-19,SELL,Valid,2026-05-19 08:00:00+09:00,4573.87,0.04,4548.87,4583.87,SL,2026-05-19 08:13:00+09:00,4583.87,-10.0,109.14999999999964,2026-05-19 22:31:00+09:00,15.409999999999854,2026-05-19 09:02:00+09:00,1200.0,False
2026-05-20,BUY,Valid,2026-05-20 08:00:00+09:00,4484.32,0.04,4509.32,4474.32,SL,2026-05-20 10:29:00+09:00,4474.32,-10.0,68.75,2026-05-21 00:17:00+09:00,30.799999999999272,2026-05-20 12:08:00+09:00,1200.0,False
2026-05-20,SELL,Valid,2026-05-20 08:00:00+09:00,4484.28,0.04,4459.28,4494.28,SL,2026-05-20 08:39:00+09:00,4494.28,-10.0,30.719999999999345,2026-05-20 12:08:00+09:00,68.82999999999993,2026-05-21 00:17:00+09:00,1200.0,False
2026-05-21,BUY,Valid,2026-05-21 08:00:00+09:00,4539.85,0.04,4564.85,4529.85,TP,2026-05-21 10:23:00+09:00,4564.85,25.0,31.089999999999236,2026-05-21 10:41:00+09:00,51.160000000000764,2026-05-21 22:39:00+09:00,1200.0,False
2026-05-21,SELL,Valid,2026-05-21 08:00:00+09:00,4539.81,0.04,4514.81,4549.81,SL,2026-05-21 09:15:00+09:00,4549.81,-10.0,51.08000000000084,2026-05-21 22:39:00+09:00,31.169999999999163,2026-05-21 10:41:00+09:00,1200.0,False
2026-05-22,BUY,Valid,2026-05-22 08:00:00+09:00,4543.42,0.04,4568.42,4533.42,SL,2026-05-22 08:44:00+09:00,4533.42,-10.0,1.75,2026-05-22 08:00:00+09:00,51.600000000000364,2026-05-22 23:24:00+09:00,1200.0,False
2026-05-22,SELL,Valid,2026-05-22 08:00:00+09:00,4543.38,0.04,4518.38,4553.38,TP,2026-05-22 14:56:00+09:00,4518.38,25.0,51.52000000000044,2026-05-22 23:24:00+09:00,1.8299999999999272,2026-05-22 08:00:00+09:00,1200.0,False
2026-05-25,BUY,Candle 04:00 tidak tersedia,,,,,,DATA_UNAVAILABLE,,,,,,,,,
2026-05-25,SELL,Candle 04:00 tidak tersedia,,,,,,DATA_UNAVAILABLE,,,,,,,,,
2026-05-26,BUY,Valid,2026-05-26 08:00:00+09:00,4574.9,0.04,4599.9,4564.9,SL,2026-05-26 08:31:00+09:00,4564.9,-10.0,5.600000000000364,2026-05-26 08:18:00+09:00,92.48999999999978,2026-05-27 03:05:00+09:00,1200.0,False
2026-05-26,SELL,Valid,2026-05-26 08:00:00+09:00,4574.86,0.04,4549.86,4584.86,TP,2026-05-26 09:01:00+09:00,4549.86,25.0,92.40999999999985,2026-05-27 03:05:00+09:00,5.680000000000291,2026-05-26 08:18:00+09:00,1200.0,False
2026-05-27,BUY,Valid,2026-05-27 08:00:00+09:00,4511.009999999999,0.07,4536.009999999999,4501.009999999999,SL,2026-05-27 11:17:00+09:00,4501.009999999999,-10.0,16.900000000000546,2026-05-27 08:45:00+09:00,109.48999999999887,2026-05-27 22:28:00+09:00,1200.0,False
2026-05-27,SELL,Valid,2026-05-27 08:00:00+09:00,4510.94,0.07,4485.94,4520.94,SL,2026-05-27 08:42:00+09:00,4520.94,-10.0,109.3799999999992,2026-05-27 22:28:00+09:00,17.01000000000022,2026-05-27 08:45:00+09:00,1200.0,False
2026-05-28,BUY,Valid,2026-05-28 08:00:00+09:00,4457.36,0.04,4482.36,4447.36,SL,2026-05-28 08:47:00+09:00,4447.36,-10.0,59.18000000000029,2026-05-29 03:03:00+09:00,90.83999999999924,2026-05-28 13:20:00+09:00,1200.0,False
2026-05-28,SELL,Valid,2026-05-28 08:00:00+09:00,4457.32,0.04,4432.32,4467.32,TP,2026-05-28 10:17:00+09:00,4432.32,25.0,90.75999999999931,2026-05-28 13:20:00+09:00,59.26000000000022,2026-05-29 03:03:00+09:00,1200.0,False
2026-05-29,BUY,Valid,2026-05-29 08:00:00+09:00,4491.15,0.08,4516.15,4481.15,TP,2026-05-29 10:15:00+09:00,4516.15,25.0,104.03000000000065,2026-05-30 00:13:00+09:00,2.119999999999891,2026-05-29 08:45:00+09:00,1200.0,False
2026-05-29,SELL,Valid,2026-05-29 08:00:00+09:00,4491.07,0.08,4466.07,4501.07,SL,2026-05-29 10:00:00+09:00,4501.07,-10.0,2.0,2026-05-29 08:45:00+09:00,104.15000000000055,2026-05-30 00:13:00+09:00,1200.0,False
2026-06-01,BUY,Valid,2026-06-01 08:00:00+09:00,4535.330000000001,0.06,4560.330000000001,4525.330000000001,SL,2026-06-01 10:56:00+09:00,4525.330000000001,-10.0,10.729999999999563,2026-06-01 09:04:00+09:00,87.65000000000055,2026-06-01 23:00:00+09:00,1200.0,False
2026-06-01,SELL,Valid,2026-06-01 08:00:00+09:00,4535.27,0.06,4510.27,4545.27,SL,2026-06-01 08:30:00+09:00,4545.27,-10.0,87.55000000000018,2026-06-01 23:00:00+09:00,10.829999999999927,2026-06-01 09:04:00+09:00,1200.0,False
2026-06-02,BUY,Valid,2026-06-02 08:00:00+09:00,4485.66,0.04,4510.66,4475.66,SL,2026-06-02 10:01:00+09:00,4475.66,-10.0,55.80000000000018,2026-06-02 16:14:00+09:00,22.720000000000255,2026-06-02 10:52:00+09:00,1200.0,False
2026-06-02,SELL,Valid,2026-06-02 08:00:00+09:00,4485.62,0.04,4460.62,4495.62,SL,2026-06-02 09:32:00+09:00,4495.62,-10.0,22.640000000000327,2026-06-02 10:52:00+09:00,55.88000000000011,2026-06-02 16:14:00+09:00,1200.0,False
2026-06-03,BUY,Valid,2026-06-03 08:00:00+09:00,4484.8,0.04,4509.8,4474.8,SL,2026-06-03 08:13:00+09:00,4474.8,-10.0,11.960000000000036,2026-06-03 09:43:00+09:00,58.51000000000022,2026-06-03 22:45:00+09:00,1200.0,False
2026-06-03,SELL,Valid,2026-06-03 08:00:00+09:00,4484.76,0.04,4459.76,4494.76,SL,2026-06-03 09:41:00+09:00,4494.76,-10.0,58.43000000000029,2026-06-03 22:45:00+09:00,12.039999999999964,2026-06-03 09:43:00+09:00,1200.0,False
2026-06-04,BUY,Valid,2026-06-04 08:00:00+09:00,4449.05,0.04,4474.05,4439.05,TP,2026-06-04 11:51:00+09:00,4474.05,25.0,66.34000000000015,2026-06-04 22:45:00+09:00,5.640000000000327,2026-06-04 10:00:00+09:00,1198.0,False
2026-06-04,SELL,Valid,2026-06-04 08:00:00+09:00,4449.01,0.04,4424.01,4459.01,SL,2026-06-04 08:45:00+09:00,4459.01,-10.0,5.5600000000004,2026-06-04 10:00:00+09:00,66.42000000000007,2026-06-04 22:45:00+09:00,1198.0,False
2026-06-05,BUY,Valid,2026-06-05 08:00:00+09:00,4469.83,0.04,4494.83,4459.83,SL,2026-06-05 09:01:00+09:00,4459.83,-10.0,5.940000000000509,2026-06-05 21:20:00+09:00,154.60000000000036,2026-06-06 03:44:00+09:00,1200.0,False
2026-06-05,SELL,Valid,2026-06-05 08:00:00+09:00,4469.79,0.04,4444.79,4479.79,TP,2026-06-05 10:45:00+09:00,4444.79,25.0,154.52000000000044,2026-06-06 03:44:00+09:00,6.020000000000437,2026-06-05 21:20:00+09:00,1200.0,False
2026-06-08,BUY,Valid,2026-06-08 08:00:00+09:00,4317.29,0.04,4342.29,4307.29,TP,2026-06-08 08:49:00+09:00,4342.29,25.0,36.090000000000146,2026-06-08 09:28:00+09:00,48.779999999999745,2026-06-08 14:37:00+09:00,1200.0,False
2026-06-08,SELL,Valid,2026-06-08 08:00:00+09:00,4317.25,0.04,4292.25,4327.25,SL,2026-06-08 08:10:00+09:00,4327.25,-10.0,48.69999999999982,2026-06-08 14:37:00+09:00,36.17000000000007,2026-06-08 09:28:00+09:00,1200.0,False
2026-06-09,BUY,Valid,2026-06-09 08:00:00+09:00,4327.94,0.04,4352.94,4317.94,SL,2026-06-09 08:32:00+09:00,4317.94,-10.0,35.5600000000004,2026-06-09 22:49:00+09:00,91.38999999999942,2026-06-10 01:40:00+09:00,1200.0,False
2026-06-09,SELL,Valid,2026-06-09 08:00:00+09:00,4327.9,0.04,4302.9,4337.9,SL,2026-06-09 10:29:00+09:00,4337.9,-10.0,91.30999999999949,2026-06-10 01:40:00+09:00,35.64000000000033,2026-06-09 22:49:00+09:00,1200.0,False
2026-06-10,BUY,Valid,2026-06-10 08:00:00+09:00,4237.28,0.04,4262.28,4227.28,SL,2026-06-10 08:23:00+09:00,4227.28,-10.0,9.990000000000691,2026-06-10 08:05:00+09:00,140.3800000000001,2026-06-11 03:50:00+09:00,1200.0,False
2026-06-10,SELL,Valid,2026-06-10 08:00:00+09:00,4237.24,0.04,4212.24,4247.24,SL,2026-06-10 08:05:00+09:00,4247.24,-10.0,140.30000000000018,2026-06-11 03:50:00+09:00,10.070000000000618,2026-06-10 08:05:00+09:00,1200.0,False
2026-06-11,BUY,Valid,2026-06-11 08:00:00+09:00,4046.35,0.04,4071.35,4036.35,SL,2026-06-11 08:12:00+09:00,4036.35,-10.0,125.37000000000035,2026-06-12 03:49:00+09:00,22.610000000000127,2026-06-11 08:14:00+09:00,1200.0,False
2026-06-11,SELL,Valid,2026-06-11 08:00:00+09:00,4046.31,0.04,4021.31,4056.31,SL,2026-06-11 08:26:00+09:00,4056.31,-10.0,22.5300000000002,2026-06-11 08:14:00+09:00,125.45000000000027,2026-06-12 03:49:00+09:00,1200.0,False
2026-06-12,BUY,Valid,2026-06-12 08:00:00+09:00,4243.28,0.04,4268.28,4233.28,SL,2026-06-12 08:03:00+09:00,4233.28,-10.0,2.4700000000002547,2026-06-12 08:00:00+09:00,73.11999999999989,2026-06-12 16:33:00+09:00,1200.0,False
2026-06-12,SELL,Valid,2026-06-12 08:00:00+09:00,4243.24,0.04,4218.24,4253.24,TP,2026-06-12 08:23:00+09:00,4218.24,25.0,73.03999999999996,2026-06-12 16:33:00+09:00,2.550000000000182,2026-06-12 08:00:00+09:00,1200.0,False
2026-06-15,BUY,Valid,2026-06-15 08:00:00+09:00,4285.71,0.04,4310.71,4275.71,TP,2026-06-15 10:33:00+09:00,4310.71,25.0,83.6899999999996,2026-06-15 23:07:00+09:00,4.5900000000001455,2026-06-15 08:23:00+09:00,1200.0,False
2026-06-15,SELL,Valid,2026-06-15 08:00:00+09:00,4285.67,0.04,4260.67,4295.67,SL,2026-06-15 09:00:00+09:00,4295.67,-10.0,4.510000000000218,2026-06-15 08:23:00+09:00,83.72999999999956,2026-06-15 23:07:00+09:00,1200.0,False
2026-06-16,BUY,Valid,2026-06-16 08:00:00+09:00,4311.94,0.0,4336.94,4301.94,TP,2026-06-16 17:09:00+09:00,4336.94,25.0,43.01000000000022,2026-06-16 21:59:00+09:00,5.089999999999236,2026-06-16 09:27:00+09:00,1200.0,False
2026-06-16,SELL,Valid,2026-06-16 08:00:00+09:00,4311.94,0.0,4286.94,4321.94,SL,2026-06-16 10:00:00+09:00,4321.94,-10.0,5.089999999999236,2026-06-16 09:27:00+09:00,43.01000000000022,2026-06-16 21:59:00+09:00,1200.0,False
2026-06-17,BUY,Valid,2026-06-17 08:00:00+09:00,4335.47,0.01,4360.47,4325.47,SL,2026-06-17 13:29:00+09:00,4325.47,-10.0,47.00999999999931,2026-06-18 02:33:00+09:00,65.53999999999996,2026-06-18 03:34:00+09:00,1200.0,False
2026-06-17,SELL,Valid,2026-06-17 08:00:00+09:00,4335.46,0.01,4310.46,4345.46,SL,2026-06-17 10:05:00+09:00,4345.46,-10.0,65.52999999999975,2026-06-18 03:34:00+09:00,47.01999999999953,2026-06-18 02:33:00+09:00,1200.0,False
2026-06-18,BUY,Valid,2026-06-18 08:00:00+09:00,4266.74,0.0,4291.74,4256.74,TP,2026-06-18 09:03:00+09:00,4291.74,25.0,63.17000000000007,2026-06-18 11:13:00+09:00,52.73999999999978,2026-06-19 01:57:00+09:00,1200.0,False
2026-06-18,SELL,Valid,2026-06-18 08:00:00+09:00,4266.74,0.0,4241.74,4276.74,SL,2026-06-18 08:11:00+09:00,4276.74,-10.0,52.73999999999978,2026-06-19 01:57:00+09:00,63.17000000000007,2026-06-18 11:13:00+09:00,1200.0,False
2026-06-19,BUY,Candle 04:00 tidak tersedia,,,,,,DATA_UNAVAILABLE,,,,,,,,,
2026-06-19,SELL,Candle 04:00 tidak tersedia,,,,,,DATA_UNAVAILABLE,,,,,,,,,
2026-06-22,BUY,Valid,2026-06-22 08:00:00+09:00,4156.38,0.0,4181.38,4146.38,SL,2026-06-22 08:35:00+09:00,4146.38,-10.0,64.52999999999975,2026-06-22 10:00:00+09:00,19.840000000000146,2026-06-22 08:48:00+09:00,1200.0,False
2026-06-22,SELL,Valid,2026-06-22 08:00:00+09:00,4156.38,0.0,4131.38,4166.38,SL,2026-06-22 09:16:00+09:00,4166.38,-10.0,19.840000000000146,2026-06-22 08:48:00+09:00,64.52999999999975,2026-06-22 10:00:00+09:00,1200.0,False
2026-06-23,BUY,Valid,2026-06-23 08:00:00+09:00,4189.96,0.0,4214.96,4179.96,SL,2026-06-23 09:12:00+09:00,4179.96,-10.0,8.609999999999673,2026-06-23 10:00:00+09:00,99.13000000000011,2026-06-23 17:07:00+09:00,1200.0,False
2026-06-23,SELL,Valid,2026-06-23 08:00:00+09:00,4189.96,0.0,4164.96,4199.96,TP,2026-06-23 10:37:00+09:00,4164.96,25.0,99.13000000000011,2026-06-23 17:07:00+09:00,8.609999999999673,2026-06-23 10:00:00+09:00,1200.0,False
2026-06-24,BUY,Valid,2026-06-24 08:00:00+09:00,4104.3,0.0,4129.3,4094.3,SL,2026-06-24 08:32:00+09:00,4094.3,-10.0,7.779999999999745,2026-06-24 09:08:00+09:00,145.34000000000015,2026-06-25 03:04:00+09:00,1200.0,False
2026-06-24,SELL,Valid,2026-06-24 08:00:00+09:00,4104.3,0.0,4079.3,4114.3,TP,2026-06-24 10:03:00+09:00,4079.3,25.0,145.34000000000015,2026-06-25 03:04:00+09:00,7.779999999999745,2026-06-24 09:08:00+09:00,1200.0,False
2026-06-25,BUY,Valid,2026-06-25 08:00:00+09:00,3996.42,0.0,4021.42,3986.42,SL,2026-06-25 09:35:00+09:00,3986.42,-10.0,47.79999999999973,2026-06-26 03:29:00+09:00,33.38999999999987,2026-06-25 11:13:00+09:00,1200.0,False
2026-06-25,SELL,Valid,2026-06-25 08:00:00+09:00,3996.42,0.0,3971.42,4006.42,SL,2026-06-25 08:34:00+09:00,4006.42,-10.0,33.38999999999987,2026-06-25 11:13:00+09:00,47.79999999999973,2026-06-26 03:29:00+09:00,1200.0,False
2026-06-26,BUY,Valid,2026-06-26 08:00:00+09:00,4026.35,0.0,4051.35,4016.35,SL,2026-06-26 08:56:00+09:00,4016.35,-10.0,69.67999999999984,2026-06-27 00:49:00+09:00,43.36000000000013,2026-06-26 11:55:00+09:00,1200.0,False
2026-06-26,SELL,Valid,2026-06-26 08:00:00+09:00,4026.35,0.0,4001.35,4036.35,TP,2026-06-26 11:33:00+09:00,4001.35,25.0,43.36000000000013,2026-06-26 11:55:00+09:00,69.67999999999984,2026-06-27 00:49:00+09:00,1200.0,False
2026-06-29,BUY,Valid,2026-06-29 08:00:00+09:00,4066.22,0.0,4091.22,4056.22,SL,2026-06-29 08:24:00+09:00,4056.22,-10.0,9.460000000000036,2026-06-29 12:22:00+09:00,65.91999999999962,2026-06-29 23:15:00+09:00,1200.0,False
2026-06-29,SELL,Valid,2026-06-29 08:00:00+09:00,4066.22,0.0,4041.22,4076.22,TP,2026-06-29 14:30:00+09:00,4041.22,25.0,65.91999999999962,2026-06-29 23:15:00+09:00,9.460000000000036,2026-06-29 12:22:00+09:00,1200.0,False
2026-06-30,BUY,Valid,2026-06-30 08:00:00+09:00,4014.13,0.0,4039.13,4004.13,SL,2026-06-30 09:09:00+09:00,4004.13,-10.0,49.34999999999991,2026-06-30 23:24:00+09:00,71.65000000000009,2026-06-30 10:07:00+09:00,1200.0,False
2026-06-30,SELL,Valid,2026-06-30 08:00:00+09:00,4014.13,0.0,3989.13,4024.13,TP,2026-06-30 09:55:00+09:00,3989.13,25.0,71.65000000000009,2026-06-30 10:07:00+09:00,49.34999999999991,2026-06-30 23:24:00+09:00,1200.0,False
